"unitid","institution name","year","SAL2020_IS.Academic rank","SAL2020_IS.Instructional staff - total","SAL2020_IS.Instructional staff on less than 9-month contract-total","SAL2020_IS.Instructional staff on 9, 10, 11 or 12 month contract-total","IDX_HR"
"132374","Atlantic Technical College","2020",,,,,"-2"
"132408","Baptist University of Florida","2020","Professor","11","0","11","-2"
"132408","Baptist University of Florida","2020","Associate professor","4","0","4","-2"
"132408","Baptist University of Florida","2020","Assistant professor","5","0","5","-2"
"132408","Baptist University of Florida","2020","Instructor","3","0","3","-2"
"132408","Baptist University of Florida","2020","All instructional staff total","23","0","23","-2"
"132471","Barry University","2020","Professor","71","0","71","-2"
"132471","Barry University","2020","Associate professor","90","0","90","-2"
"132471","Barry University","2020","Assistant professor","94","0","94","-2"
"132471","Barry University","2020","Instructor","20","0","20","-2"
"132471","Barry University","2020","All instructional staff total","275","0","275","-2"
"132602","Bethune-Cookman University","2020","Professor","14","0","14","-2"
"132602","Bethune-Cookman University","2020","Associate professor","33","0","33","-2"
"132602","Bethune-Cookman University","2020","Assistant professor","68","0","68","-2"
"132602","Bethune-Cookman University","2020","Instructor","37","0","37","-2"
"132602","Bethune-Cookman University","2020","All instructional staff total","152","0","152","-2"
"132657","Lynn University","2020","Professor","26","0","26","-2"
"132657","Lynn University","2020","Associate professor","50","0","50","-2"
"132657","Lynn University","2020","Assistant professor","38","0","38","-2"
"132657","Lynn University","2020","Instructor","5","0","5","-2"
"132657","Lynn University","2020","Lecturer","1","0","1","-2"
"132657","Lynn University","2020","No academic rank","2","0","2","-2"
"132657","Lynn University","2020","All instructional staff total","122","0","122","-2"
"132675","North Florida Technical College","2020",,,,,"-2"
"132693","Eastern Florida State College","2020","Professor","52","0","52","-2"
"132693","Eastern Florida State College","2020","Associate professor","47","0","47","-2"
"132693","Eastern Florida State College","2020","Assistant professor","52","0","52","-2"
"132693","Eastern Florida State College","2020","Instructor","114","0","114","-2"
"132693","Eastern Florida State College","2020","All instructional staff total","265","0","265","-2"
"132709","Broward College","2020","Professor","55","0","55","-2"
"132709","Broward College","2020","Associate professor","152","0","152","-2"
"132709","Broward College","2020","Assistant professor","144","0","144","-2"
"132709","Broward College","2020","Instructor","27","0","27","-2"
"132709","Broward College","2020","All instructional staff total","378","0","378","-2"
"132842","Albizu University-Miami","2020","Professor","4","0","4","-2"
"132842","Albizu University-Miami","2020","Associate professor","8","0","8","-2"
"132842","Albizu University-Miami","2020","Assistant professor","12","0","12","-2"
"132842","Albizu University-Miami","2020","All instructional staff total","24","0","24","-2"
"132851","College of Central Florida","2020","Professor","19","0","19","-2"
"132851","College of Central Florida","2020","Associate professor","36","0","36","-2"
"132851","College of Central Florida","2020","Assistant professor","19","0","19","-2"
"132851","College of Central Florida","2020","Instructor","7","0","7","-2"
"132851","College of Central Florida","2020","No academic rank","42","0","42","-2"
"132851","College of Central Florida","2020","All instructional staff total","123","0","123","-2"
"132879","Johnson University Florida","2020","Professor","5","0","5","-2"
"132879","Johnson University Florida","2020","Associate professor","5","0","5","-2"
"132879","Johnson University Florida","2020","Assistant professor","2","0","2","-2"
"132879","Johnson University Florida","2020","Instructor","1","0","1","-2"
"132879","Johnson University Florida","2020","All instructional staff total","13","0","13","-2"
"132903","University of Central Florida","2020","Professor","343","0","343","-2"
"132903","University of Central Florida","2020","Associate professor","374","0","374","-2"
"132903","University of Central Florida","2020","Assistant professor","326","0","326","-2"
"132903","University of Central Florida","2020","Instructor","199","0","199","-2"
"132903","University of Central Florida","2020","Lecturer","278","0","278","-2"
"132903","University of Central Florida","2020","All instructional staff total","1520","0","1520","-2"
"132976","Charlotte Technical College","2020",,,,,"-2"
"133021","Chipola College","2020","Professor","8","0","8","-2"
"133021","Chipola College","2020","Associate professor","1","0","1","-2"
"133021","Chipola College","2020","Assistant professor","14","0","14","-2"
"133021","Chipola College","2020","Instructor","18","0","18","-2"
"133021","Chipola College","2020","All instructional staff total","41","0","41","-2"
"133155","Lorenzo Walker Technical College","2020",,,,,"-2"
"133386","Daytona State College","2020","Professor","123","0","123","-2"
"133386","Daytona State College","2020","Associate professor","55","0","55","-2"
"133386","Daytona State College","2020","Assistant professor","36","0","36","-2"
"133386","Daytona State College","2020","Instructor","8","0","8","-2"
"133386","Daytona State College","2020","All instructional staff total","222","0","222","-2"
"133465","South University-West Palm Beach","2020","Associate professor","1","0","1","-2"
"133465","South University-West Palm Beach","2020","Assistant professor","8","0","8","-2"
"133465","South University-West Palm Beach","2020","Instructor","10","0","10","-2"
"133465","South University-West Palm Beach","2020","All instructional staff total","19","0","19","-2"
"133492","Eckerd College","2020","Professor","45","0","45","-2"
"133492","Eckerd College","2020","Associate professor","29","0","29","-2"
"133492","Eckerd College","2020","Assistant professor","63","0","63","-2"
"133492","Eckerd College","2020","Instructor","19","0","19","-2"
"133492","Eckerd College","2020","All instructional staff total","156","0","156","-2"
"133508","Florida SouthWestern State College","2020","No academic rank","197","0","197","-2"
"133508","Florida SouthWestern State College","2020","All instructional staff total","197","0","197","-2"
"133526","Edward Waters University","2020","Professor","11","0","11","-2"
"133526","Edward Waters University","2020","Associate professor","12","0","12","-2"
"133526","Edward Waters University","2020","Assistant professor","19","0","19","-2"
"133526","Edward Waters University","2020","Instructor","10","0","10","-2"
"133526","Edward Waters University","2020","All instructional staff total","52","0","52","-2"
"133553","Embry-Riddle Aeronautical University-Daytona Beach","2020","Professor","91","0","91","-2"
"133553","Embry-Riddle Aeronautical University-Daytona Beach","2020","Associate professor","113","0","113","-2"
"133553","Embry-Riddle Aeronautical University-Daytona Beach","2020","Assistant professor","115","0","115","-2"
"133553","Embry-Riddle Aeronautical University-Daytona Beach","2020","Instructor","23","0","23","-2"
"133553","Embry-Riddle Aeronautical University-Daytona Beach","2020","All instructional staff total","342","0","342","-2"
"133650","Florida Agricultural and Mechanical University","2020","Professor","152","0","152","-2"
"133650","Florida Agricultural and Mechanical University","2020","Associate professor","166","0","166","-2"
"133650","Florida Agricultural and Mechanical University","2020","Assistant professor","137","0","137","-2"
"133650","Florida Agricultural and Mechanical University","2020","Instructor","122","0","122","-2"
"133650","Florida Agricultural and Mechanical University","2020","All instructional staff total","577","0","577","-2"
"133669","Florida Atlantic University","2020","Professor","234","0","234","-2"
"133669","Florida Atlantic University","2020","Associate professor","215","0","215","-2"
"133669","Florida Atlantic University","2020","Assistant professor","153","0","153","-2"
"133669","Florida Atlantic University","2020","Instructor","214","0","214","-2"
"133669","Florida Atlantic University","2020","Lecturer","1","0","1","-2"
"133669","Florida Atlantic University","2020","No academic rank","3","0","3","-2"
"133669","Florida Atlantic University","2020","All instructional staff total","820","0","820","-2"
"133702","Florida State College at Jacksonville","2020","No academic rank","343","0","343","-2"
"133702","Florida State College at Jacksonville","2020","All instructional staff total","343","0","343","-2"
"133711","Flagler College","2020","Professor","20","0","20","-2"
"133711","Flagler College","2020","Associate professor","38","0","38","-2"
"133711","Flagler College","2020","Assistant professor","58","0","58","-2"
"133711","Flagler College","2020","Instructor","2","0","2","-2"
"133711","Flagler College","2020","Lecturer","3","0","3","-2"
"133711","Flagler College","2020","All instructional staff total","121","0","121","-2"
"133809","Florida College","2020","Professor","38","0","38","-2"
"133809","Florida College","2020","All instructional staff total","38","0","38","-2"
"133845","Concorde Career Institute-Jacksonville","2020","Instructor","17","0","17","-2"
"133845","Concorde Career Institute-Jacksonville","2020","All instructional staff total","17","0","17","-2"
"133854","Concorde Career Institute-Miramar","2020","Instructor","9","0","9","-2"
"133854","Concorde Career Institute-Miramar","2020","All instructional staff total","9","0","9","-2"
"133863","Concorde Career Institute-Tampa","2020","Instructor","6","0","6","-2"
"133863","Concorde Career Institute-Tampa","2020","All instructional staff total","6","0","6","-2"
"133872","AdventHealth University","2020","Professor","12","0","12","-2"
"133872","AdventHealth University","2020","Associate professor","27","0","27","-2"
"133872","AdventHealth University","2020","Assistant professor","40","0","40","-2"
"133872","AdventHealth University","2020","Instructor","16","0","16","-2"
"133872","AdventHealth University","2020","All instructional staff total","95","0","95","-2"
"133881","Florida Institute of Technology","2020","Professor","73","0","73","-2"
"133881","Florida Institute of Technology","2020","Associate professor","76","0","76","-2"
"133881","Florida Institute of Technology","2020","Assistant professor","102","0","102","-2"
"133881","Florida Institute of Technology","2020","Instructor","21","0","21","-2"
"133881","Florida Institute of Technology","2020","All instructional staff total","272","0","272","-2"
"133951","Florida International University","2020","Professor","286","0","286","-2"
"133951","Florida International University","2020","Associate professor","334","0","334","-2"
"133951","Florida International University","2020","Assistant professor","258","0","258","-2"
"133951","Florida International University","2020","Instructor","407","0","407","-2"
"133951","Florida International University","2020","Lecturer","13","0","13","-2"
"133951","Florida International University","2020","No academic rank","20","0","20","-2"
"133951","Florida International University","2020","All instructional staff total","1318","0","1318","-2"
"133960","The College of the Florida Keys","2020","Professor","8","0","8","-2"
"133960","The College of the Florida Keys","2020","Associate professor","10","0","10","-2"
"133960","The College of the Florida Keys","2020","Assistant professor","8","0","8","-2"
"133960","The College of the Florida Keys","2020","Instructor","2","0","2","-2"
"133960","The College of the Florida Keys","2020","All instructional staff total","28","0","28","-2"
"133979","Florida Memorial University","2020","Professor","6","0","6","-2"
"133979","Florida Memorial University","2020","Associate professor","26","0","26","-2"
"133979","Florida Memorial University","2020","Assistant professor","21","0","21","-2"
"133979","Florida Memorial University","2020","Instructor","8","0","8","-2"
"133979","Florida Memorial University","2020","All instructional staff total","61","0","61","-2"
"133997","Florida Career College-Miami","2020","No academic rank","6","1","5","-2"
"133997","Florida Career College-Miami","2020","All instructional staff total","6","1","5","-2"
"134024","Florida School of Massage","2020",,,,,"-2"
"134079","Florida Southern College","2020","Professor","20","1","19","-2"
"134079","Florida Southern College","2020","Associate professor","55","0","55","-2"
"134079","Florida Southern College","2020","Assistant professor","66","3","63","-2"
"134079","Florida Southern College","2020","Instructor","16","1","15","-2"
"134079","Florida Southern College","2020","All instructional staff total","157","5","152","-2"
"134097","Florida State University","2020","Professor","497","0","497","-2"
"134097","Florida State University","2020","Associate professor","360","0","360","-2"
"134097","Florida State University","2020","Assistant professor","313","0","313","-2"
"134097","Florida State University","2020","No academic rank","412","0","412","-2"
"134097","Florida State University","2020","All instructional staff total","1582","0","1582","-2"
"134130","University of Florida","2020","Professor","855","0","855","-2"
"134130","University of Florida","2020","Associate professor","505","0","505","-2"
"134130","University of Florida","2020","Assistant professor","635","0","635","-2"
"134130","University of Florida","2020","Lecturer","445","0","445","-2"
"134130","University of Florida","2020","No academic rank","82","0","82","-2"
"134130","University of Florida","2020","All instructional staff total","2522","0","2522","-2"
"134228","Fort Pierce Beauty Academy","2020",,,,,"-2"
"134237","Full Sail University","2020","Professor","479","0","479","-2"
"134237","Full Sail University","2020","Associate professor","133","0","133","-2"
"134237","Full Sail University","2020","No academic rank","160","0","160","-2"
"134237","Full Sail University","2020","All instructional staff total","772","0","772","-2"
"134291","George Stone Technical College","2020",,,,,"-2"
"134307","George T Baker Aviation Technical College","2020",,,,,"-2"
"134343","Gulf Coast State College","2020","Professor","25","0","25","-2"
"134343","Gulf Coast State College","2020","Associate professor","27","0","27","-2"
"134343","Gulf Coast State College","2020","Assistant professor","25","0","25","-2"
"134343","Gulf Coast State College","2020","Instructor","8","0","8","-2"
"134343","Gulf Coast State College","2020","No academic rank","48","0","48","-2"
"134343","Gulf Coast State College","2020","All instructional staff total","133","0","133","-2"
"134422","Key College","2020","Instructor","4","0","4","-2"
"134422","Key College","2020","All instructional staff total","4","0","4","-2"
"134495","Hillsborough Community College","2020","Professor","45","0","45","-2"
"134495","Hillsborough Community College","2020","Associate professor","48","0","48","-2"
"134495","Hillsborough Community College","2020","Assistant professor","112","0","112","-2"
"134495","Hillsborough Community College","2020","Instructor","84","0","84","-2"
"134495","Hillsborough Community College","2020","No academic rank","17","0","17","-2"
"134495","Hillsborough Community College","2020","All instructional staff total","306","0","306","-2"
"134510","Hobe Sound Bible College","2020","Professor","9","0","9","-2"
"134510","Hobe Sound Bible College","2020","All instructional staff total","9","0","9","-2"
"134529","Hollywood Institute of Beauty Careers","2020",,,,,"-2"
"134574","Cortiva Institute","2020",,,,,"-2"
"134608","Indian River State College","2020","Professor","35","0","35","-2"
"134608","Indian River State College","2020","Associate professor","45","0","45","-2"
"134608","Indian River State College","2020","Assistant professor","46","0","46","-2"
"134608","Indian River State College","2020","No academic rank","110","0","110","-2"
"134608","Indian River State College","2020","All instructional staff total","236","0","236","-2"
"134714","International Academy","2020",,,,,"-2"
"134945","Jacksonville University","2020","Professor","65","0","65","-2"
"134945","Jacksonville University","2020","Associate professor","52","0","52","-2"
"134945","Jacksonville University","2020","Assistant professor","95","0","95","-2"
"134945","Jacksonville University","2020","Instructor","22","0","22","-2"
"134945","Jacksonville University","2020","All instructional staff total","234","0","234","-2"
"135081","Keiser University-Ft Lauderdale","2020","Instructor","1247","0","1247","-2"
"135081","Keiser University-Ft Lauderdale","2020","All instructional staff total","1247","0","1247","-2"
"135142","La Belle Beauty School","2020",,,,,"-2"
"135160","Florida Gateway College","2020","Assistant professor","1","0","1","-2"
"135160","Florida Gateway College","2020","No academic rank","73","0","73","-2"
"135160","Florida Gateway College","2020","All instructional staff total","74","0","74","-2"
"135179","Lake Technical College","2020",,,,,"-2"
"135188","Lake-Sumter State College","2020","Professor","3","0","3","-2"
"135188","Lake-Sumter State College","2020","Associate professor","8","0","8","-2"
"135188","Lake-Sumter State College","2020","Assistant professor","31","0","31","-2"
"135188","Lake-Sumter State College","2020","Instructor","36","0","36","-2"
"135188","Lake-Sumter State College","2020","No academic rank","4","0","4","-2"
"135188","Lake-Sumter State College","2020","All instructional staff total","82","0","82","-2"
"135267","Fort Myers Technical College","2020",,,,,"-2"
"135276","Lively Technical College","2020",,,,,"-2"
"135294","Lindsey Hopkins Technical College","2020",,,,,"-2"
"135337","Loraines Academy & Spa","2020",,,,,"-2"
"135391","State College of Florida-Manatee-Sarasota","2020","Professor","40","0","40","-2"
"135391","State College of Florida-Manatee-Sarasota","2020","Associate professor","32","0","32","-2"
"135391","State College of Florida-Manatee-Sarasota","2020","Assistant professor","28","0","28","-2"
"135391","State College of Florida-Manatee-Sarasota","2020","Instructor","18","0","18","-2"
"135391","State College of Florida-Manatee-Sarasota","2020","Lecturer","5","0","5","-2"
"135391","State College of Florida-Manatee-Sarasota","2020","No academic rank","15","0","15","-2"
"135391","State College of Florida-Manatee-Sarasota","2020","All instructional staff total","138","0","138","-2"
"135407","Manatee Technical College","2020",,,,,"-2"
"135522","Traviss Technical College","2020",,,,,"-2"
"135559","Merryfield Academy","2020",,,,,"-2"
"135610","Trinity International University-Florida","2020","Associate professor","3","1","2","-2"
"135610","Trinity International University-Florida","2020","All instructional staff total","3","1","2","-2"
"135647","Miami Lakes Educational Center and Technical College","2020",,,,,"-2"
"135717","Miami Dade College","2020","Professor","185","0","185","-2"
"135717","Miami Dade College","2020","Associate professor","270","0","270","-2"
"135717","Miami Dade College","2020","Assistant professor","164","0","164","-2"
"135717","Miami Dade College","2020","Instructor","118","0","118","-2"
"135717","Miami Dade College","2020","All instructional staff total","737","0","737","-2"
"135726","University of Miami","2020","Professor","349","0","349","-2"
"135726","University of Miami","2020","Associate professor","264","0","264","-2"
"135726","University of Miami","2020","Assistant professor","212","0","212","-2"
"135726","University of Miami","2020","Instructor","1","0","1","-2"
"135726","University of Miami","2020","Lecturer","285","0","285","-2"
"135726","University of Miami","2020","All instructional staff total","1111","0","1111","-2"
"135735","Orange Technical College-South Campus","2020",,,,,"-2"
"136109","Paul Mitchell the School-Jacksonville","2020",,,,,"-2"
"136145","North Florida College","2020","No academic rank","25","0","25","-2"
"136145","North Florida College","2020","All instructional staff total","25","0","25","-2"
"136172","University of North Florida","2020","Professor","96","0","96","-2"
"136172","University of North Florida","2020","Associate professor","162","0","162","-2"
"136172","University of North Florida","2020","Assistant professor","123","0","123","-2"
"136172","University of North Florida","2020","Instructor","130","0","130","-2"
"136172","University of North Florida","2020","Lecturer","31","0","31","-2"
"136172","University of North Florida","2020","No academic rank","2","0","2","-2"
"136172","University of North Florida","2020","All instructional staff total","544","0","544","-2"
"136215","Nova Southeastern University","2020","Professor","123","0","123","-2"
"136215","Nova Southeastern University","2020","Associate professor","135","0","135","-2"
"136215","Nova Southeastern University","2020","Assistant professor","75","0","75","-2"
"136215","Nova Southeastern University","2020","Instructor","8","0","8","-2"
"136215","Nova Southeastern University","2020","Lecturer","3","0","3","-2"
"136215","Nova Southeastern University","2020","No academic rank","1","0","1","-2"
"136215","Nova Southeastern University","2020","All instructional staff total","345","0","345","-2"
"136233","Northwest Florida State College","2020","Professor","37","0","37","-2"
"136233","Northwest Florida State College","2020","Assistant professor","13","0","13","-2"
"136233","Northwest Florida State College","2020","No academic rank","31","0","31","-2"
"136233","Northwest Florida State College","2020","All instructional staff total","81","0","81","-2"
"136303","Orange Technical College","2020",,,,,"-2"
"136330","Palm Beach Atlantic University","2020","Professor","44","0","44","-2"
"136330","Palm Beach Atlantic University","2020","Associate professor","61","0","61","-2"
"136330","Palm Beach Atlantic University","2020","Assistant professor","52","0","52","-2"
"136330","Palm Beach Atlantic University","2020","Instructor","7","0","7","-2"
"136330","Palm Beach Atlantic University","2020","All instructional staff total","164","0","164","-2"
"136358","Palm Beach State College","2020","Professor","58","0","58","-2"
"136358","Palm Beach State College","2020","Associate professor","42","0","42","-2"
"136358","Palm Beach State College","2020","Assistant professor","85","0","85","-2"
"136358","Palm Beach State College","2020","Instructor","155","0","155","-2"
"136358","Palm Beach State College","2020","All instructional staff total","340","0","340","-2"
"136400","Pasco-Hernando State College","2020","Professor","31","0","31","-2"
"136400","Pasco-Hernando State College","2020","Associate professor","32","0","32","-2"
"136400","Pasco-Hernando State College","2020","Assistant professor","38","0","38","-2"
"136400","Pasco-Hernando State College","2020","Instructor","47","0","47","-2"
"136400","Pasco-Hernando State College","2020","No academic rank","4","0","4","-2"
"136400","Pasco-Hernando State College","2020","All instructional staff total","152","0","152","-2"
"136473","Pensacola State College","2020","Professor","38","0","38","-2"
"136473","Pensacola State College","2020","Associate professor","29","0","29","-2"
"136473","Pensacola State College","2020","Assistant professor","26","0","26","-2"
"136473","Pensacola State College","2020","Instructor","58","0","58","-2"
"136473","Pensacola State College","2020","Lecturer","10","0","10","-2"
"136473","Pensacola State College","2020","All instructional staff total","161","0","161","-2"
"136491","Pinellas Technical College-Clearwater","2020",,,,,"-2"
"136516","Polk State College","2020","No academic rank","152","0","152","-2"
"136516","Polk State College","2020","All instructional staff total","152","0","152","-2"
"136659","Radford M Locklin Technical College","2020",,,,,"-2"
"136701","Saint Vincent de Paul Regional Seminary","2020","Professor","7","0","7","-2"
"136701","Saint Vincent de Paul Regional Seminary","2020","Associate professor","2","0","2","-2"
"136701","Saint Vincent de Paul Regional Seminary","2020","Assistant professor","5","0","5","-2"
"136701","Saint Vincent de Paul Regional Seminary","2020","All instructional staff total","14","0","14","-2"
"136765","Ridge Technical College","2020",,,,,"-2"
"136774","Ringling College of Art and Design","2020","No academic rank","120","0","120","-2"
"136774","Ringling College of Art and Design","2020","All instructional staff total","120","0","120","-2"
"136826","Robert Morgan Educational Center and Technical College","2020",,,,,"-2"
"136950","Rollins College","2020","Professor","73","0","73","-2"
"136950","Rollins College","2020","Associate professor","59","0","59","-2"
"136950","Rollins College","2020","Assistant professor","50","0","50","-2"
"136950","Rollins College","2020","Lecturer","24","0","24","-2"
"136950","Rollins College","2020","All instructional staff total","206","0","206","-2"
"137023","First Coast Technical College","2020",,,,,"-2"
"137032","Saint Leo University","2020","Professor","22","0","22","-2"
"137032","Saint Leo University","2020","Associate professor","48","1","47","-2"
"137032","Saint Leo University","2020","Assistant professor","41","1","40","-2"
"137032","Saint Leo University","2020","Instructor","19","0","19","-2"
"137032","Saint Leo University","2020","All instructional staff total","130","2","128","-2"
"137078","St Petersburg College","2020","No academic rank","329","0","329","-2"
"137078","St Petersburg College","2020","All instructional staff total","329","0","329","-2"
"137087","Pinellas Technical College-St. Petersburg","2020",,,,,"-2"
"137096","Santa Fe College","2020","No academic rank","248","0","248","-2"
"137096","Santa Fe College","2020","All instructional staff total","248","0","248","-2"
"137120","Suncoast Technical College","2020",,,,,"-2"
"137209","Seminole State College of Florida","2020","No academic rank","207","0","207","-2"
"137209","Seminole State College of Florida","2020","All instructional staff total","207","0","207","-2"
"137245","Sheridan Technical College","2020",,,,,"-2"
"137272","St. John Vianney College Seminary","2020","Professor","6","0","6","-2"
"137272","St. John Vianney College Seminary","2020","All instructional staff total","6","0","6","-2"
"137281","Saint Johns River State College","2020","Professor","22","0","22","-2"
"137281","Saint Johns River State College","2020","Instructor","104","0","104","-2"
"137281","Saint Johns River State College","2020","No academic rank","15","0","15","-2"
"137281","Saint Johns River State College","2020","All instructional staff total","141","0","141","-2"
"137315","South Florida State College","2020","Instructor","66","0","66","-2"
"137315","South Florida State College","2020","All instructional staff total","66","0","66","-2"
"137351","University of South Florida","2020","Professor","411","0","411","-2"
"137351","University of South Florida","2020","Associate professor","397","0","397","-2"
"137351","University of South Florida","2020","Assistant professor","222","0","222","-2"
"137351","University of South Florida","2020","Instructor","447","0","447","-2"
"137351","University of South Florida","2020","No academic rank","10","3","7","-2"
"137351","University of South Florida","2020","All instructional staff total","1487","3","1484","-2"
"137476","St. Thomas University","2020","Professor","30","0","30","-2"
"137476","St. Thomas University","2020","Associate professor","19","0","19","-2"
"137476","St. Thomas University","2020","Assistant professor","22","0","22","-2"
"137476","St. Thomas University","2020","Instructor","5","0","5","-2"
"137476","St. Thomas University","2020","Lecturer","2","0","2","-2"
"137476","St. Thomas University","2020","All instructional staff total","78","0","78","-2"
"137546","Stetson University","2020","Professor","103","0","103","-2"
"137546","Stetson University","2020","Associate professor","67","0","67","-2"
"137546","Stetson University","2020","Assistant professor","60","0","60","-2"
"137546","Stetson University","2020","No academic rank","48","0","48","-2"
"137546","Stetson University","2020","All instructional staff total","278","0","278","-2"
"137564","Southeastern University","2020","Professor","36","0","36","-2"
"137564","Southeastern University","2020","Associate professor","37","0","37","-2"
"137564","Southeastern University","2020","Assistant professor","40","0","40","-2"
"137564","Southeastern University","2020","Instructor","6","0","6","-2"
"137564","Southeastern University","2020","Lecturer","3","0","3","-2"
"137564","Southeastern University","2020","All instructional staff total","122","0","122","-2"
"137591","Bene's Career Academy","2020",,,,,"-2"
"137713","Riveroak Technical College","2020",,,,,"-2"
"137759","Tallahassee Community College","2020","Professor","75","0","75","-2"
"137759","Tallahassee Community College","2020","Associate professor","47","0","47","-2"
"137759","Tallahassee Community College","2020","Assistant professor","25","0","25","-2"
"137759","Tallahassee Community College","2020","No academic rank","58","0","58","-2"
"137759","Tallahassee Community College","2020","All instructional staff total","205","0","205","-2"
"137777","Talmudic College of Florida","2020","Professor","6","0","6","-2"
"137777","Talmudic College of Florida","2020","Associate professor","1","0","1","-2"
"137777","Talmudic College of Florida","2020","No academic rank","2","0","2","-2"
"137777","Talmudic College of Florida","2020","All instructional staff total","9","0","9","-2"
"137847","The University of Tampa","2020","Professor","44","0","44","-2"
"137847","The University of Tampa","2020","Associate professor","133","0","133","-2"
"137847","The University of Tampa","2020","Assistant professor","113","0","113","-2"
"137847","The University of Tampa","2020","Instructor","63","0","63","-2"
"137847","The University of Tampa","2020","Lecturer","37","0","37","-2"
"137847","The University of Tampa","2020","All instructional staff total","390","0","390","-2"
"137856","Big Bend Technical College","2020",,,,,"-2"
"137865","Tom P. Haney Technical College","2020",,,,,"-2"
"137953","Trinity Baptist College","2020","Professor","6","0","6","-2"
"137953","Trinity Baptist College","2020","Associate professor","5","0","5","-2"
"137953","Trinity Baptist College","2020","All instructional staff total","11","0","11","-2"
"137962","Trinity College of Florida","2020","Professor","4","0","4","-2"
"137962","Trinity College of Florida","2020","Associate professor","1","0","1","-2"
"137962","Trinity College of Florida","2020","Assistant professor","4","0","4","-2"
"137962","Trinity College of Florida","2020","All instructional staff total","9","0","9","-2"
"138187","Valencia College","2020","No academic rank","607","119","488","-2"
"138187","Valencia College","2020","All instructional staff total","607","119","488","-2"
"138275","Warner University","2020","Professor","6","0","6","-2"
"138275","Warner University","2020","Associate professor","13","0","13","-2"
"138275","Warner University","2020","Assistant professor","12","0","12","-2"
"138275","Warner University","2020","Instructor","3","0","3","-2"
"138275","Warner University","2020","All instructional staff total","34","0","34","-2"
"138284","Florida Panhandle Technical College","2020",,,,,"-2"
"138293","Webber International University","2020","Professor","4","0","4","-2"
"138293","Webber International University","2020","Associate professor","4","0","4","-2"
"138293","Webber International University","2020","Assistant professor","17","0","17","-2"
"138293","Webber International University","2020","All instructional staff total","25","0","25","-2"
"138309","Rasmussen University-Florida","2020","Instructor","124","0","124","-2"
"138309","Rasmussen University-Florida","2020","All instructional staff total","124","0","124","-2"
"138354","University of West Florida","2020","Professor","80","0","80","-2"
"138354","University of West Florida","2020","Associate professor","68","0","68","-2"
"138354","University of West Florida","2020","Assistant professor","106","0","106","-2"
"138354","University of West Florida","2020","Instructor","54","0","54","-2"
"138354","University of West Florida","2020","Lecturer","31","0","31","-2"
"138354","University of West Florida","2020","All instructional staff total","339","0","339","-2"
"138372","Orange Technical College-West Campus","2020",,,,,"-2"
"138479","William T McFatter Technical College","2020",,,,,"-2"
"138488","Orange Technical College-East Campus","2020",,,,,"-2"
"138497","Withlacoochee Technical College","2020",,,,,"-2"
"186274","Robert Fiance Beauty Schools","2020",,,,,"-2"
"244233","City College-Hollywood","2020","Instructor","5","0","5","-2"
"244233","City College-Hollywood","2020","All instructional staff total","5","0","5","-2"
"244279","Meridian College","2020","Instructor","5","0","5","-2"
"244279","Meridian College","2020","All instructional staff total","5","0","5","-2"
"262129","New College of Florida","2020","Professor","31","0","31","-2"
"262129","New College of Florida","2020","Associate professor","25","0","25","-2"
"262129","New College of Florida","2020","Assistant professor","45","0","45","-2"
"262129","New College of Florida","2020","Instructor","4","0","4","-2"
"262129","New College of Florida","2020","No academic rank","3","0","3","-2"
"262129","New College of Florida","2020","All instructional staff total","108","0","108","-2"
"362700","Aveda Institute-Fort Myers","2020",,,,,"-2"
"363712","Yeshivah Gedolah Rabbinical College","2020","Professor","2","0","2","-2"
"363712","Yeshivah Gedolah Rabbinical College","2020","Lecturer","3","0","3","-2"
"363712","Yeshivah Gedolah Rabbinical College","2020","All instructional staff total","5","0","5","-2"
"366003","South Florida Bible College and Theological Seminary","2020","Professor","7","0","7","-2"
"366003","South Florida Bible College and Theological Seminary","2020","All instructional staff total","7","0","7","-2"
"366553","Southern Technical College","2020","Instructor","50","0","50","-2"
"366553","Southern Technical College","2020","All instructional staff total","50","0","50","-2"
"367875","H W Brewster Technical College","2020",,,,,"-2"
"367884","Hodges University","2020","No academic rank","21","0","21","-2"
"367884","Hodges University","2020","All instructional staff total","21","0","21","-2"
"369400","Universal Technical Institute-Auto Motorcycle & Marine Mechanics Institute Division-Orlando","2020","Instructor","50","0","50","-2"
"369400","Universal Technical Institute-Auto Motorcycle & Marine Mechanics Institute Division-Orlando","2020","All instructional staff total","50","0","50","-2"
"369419","Erwin Technical College","2020",,,,,"-2"
"372462","Academy of Cosmetology","2020",,,,,"-2"
"378886","Artistic Nails and Beauty Academy-Tampa","2020",,,,,"-2"
"378956","National Aviation Academy of Tampa Bay","2020",,,,,"-2"
"383163","La Belle Beauty Academy","2020",,,,,"-2"
"384254","Beacon College","2020","Professor","3","0","3","-2"
"384254","Beacon College","2020","Associate professor","9","0","9","-2"
"384254","Beacon College","2020","Assistant professor","8","0","8","-2"
"384254","Beacon College","2020","Instructor","18","0","18","-2"
"384254","Beacon College","2020","All instructional staff total","38","0","38","-2"
"385132","The Salon Professional Academy-Melbourne","2020",,,,,"-2"
"385619","Everglades University","2020","Instructor","48","14","34","-2"
"385619","Everglades University","2020","All instructional staff total","48","14","34","-2"
"386472","Herzing University-Orlando","2020","Professor","1","0","1","-2"
"386472","Herzing University-Orlando","2020","Associate professor","4","0","4","-2"
"386472","Herzing University-Orlando","2020","Assistant professor","12","0","12","-2"
"386472","Herzing University-Orlando","2020","Instructor","1","0","1","-2"
"386472","Herzing University-Orlando","2020","All instructional staff total","18","0","18","-2"
"387925","Cortiva Institute","2020",,,,,"-2"
"404338","Schiller International University","2020",,,,,"-2"
"406024","Galen College of Nursing-Tampa Bay","2020","Assistant professor","6","0","6","-2"
"406024","Galen College of Nursing-Tampa Bay","2020","Instructor","71","0","71","-2"
"406024","Galen College of Nursing-Tampa Bay","2020","All instructional staff total","77","0","77","-2"
"406149","Sarasota School of Massage Therapy","2020",,,,,"-2"
"408844","Florida National University-Main Campus","2020","Instructor","88","0","88","-2"
"408844","Florida National University-Main Campus","2020","All instructional staff total","88","0","88","-2"
"409032","Nouvelle Institute","2020",,,,,"-2"
"412173","Academy for Nursing and Health Occupations","2020","No academic rank","17","0","17","-2"
"412173","Academy for Nursing and Health Occupations","2020","All instructional staff total","17","0","17","-2"
"417327","City College-Altamonte Springs","2020","Instructor","2","0","2","-2"
"417327","City College-Altamonte Springs","2020","All instructional staff total","2","0","2","-2"
"419217","HCA Florida Mercy Hospital School of Practical Nursing","2020",,,,,"-2"
"419226","Marion Technical College","2020",,,,,"-2"
"423120","Compu-Med Vocational Careers Corp","2020",,,,,"-2"
"426314","Embry-Riddle Aeronautical University-Worldwide","2020","Professor","3","0","3","-2"
"426314","Embry-Riddle Aeronautical University-Worldwide","2020","Associate professor","34","0","34","-2"
"426314","Embry-Riddle Aeronautical University-Worldwide","2020","Assistant professor","63","0","63","-2"
"426314","Embry-Riddle Aeronautical University-Worldwide","2020","Instructor","28","0","28","-2"
"426314","Embry-Riddle Aeronautical University-Worldwide","2020","All instructional staff total","128","0","128","-2"
"427991","Osceola Technical College","2020",,,,,"-2"
"428000","Miami Ad School","2020",,,,,"-2"
"428170","Southeastern College-West Palm Beach","2020","Instructor","53","0","53","-2"
"428170","Southeastern College-West Palm Beach","2020","All instructional staff total","53","0","53","-2"
"430582","Praxis Institute","2020",,,,,"-2"
"431558","Cape Coral Technical College","2020",,,,,"-2"
"433068","Okaloosa Technical College","2020",,,,,"-2"
"433660","Florida Gulf Coast University","2020","Professor","101","0","101","-2"
"433660","Florida Gulf Coast University","2020","Associate professor","134","0","134","-2"
"433660","Florida Gulf Coast University","2020","Assistant professor","146","0","146","-2"
"433660","Florida Gulf Coast University","2020","Instructor","134","0","134","-2"
"433660","Florida Gulf Coast University","2020","Lecturer","1","0","1","-2"
"433660","Florida Gulf Coast University","2020","All instructional staff total","516","0","516","-2"
"434441","Florida College of Integrative Medicine","2020","Professor","2","0","2","-2"
"434441","Florida College of Integrative Medicine","2020","All instructional staff total","2","0","2","-2"
"434469","New Professions Technical Institute","2020",,,,,"-2"
"438285","Cortiva Institute","2020",,,,,"-2"
"439394","East West College of Natural Medicine","2020","No academic rank","2","0","2","-2"
"439394","East West College of Natural Medicine","2020","All instructional staff total","2","0","2","-2"
"439446","Atlantic Institute of Oriental Medicine","2020","Instructor","6","0","6","-2"
"439446","Atlantic Institute of Oriental Medicine","2020","All instructional staff total","6","0","6","-2"
"439686","International Training Careers","2020",,,,,"-2"
"439774","New Concept Massage and Beauty School","2020",,,,,"-2"
"439792","Fortis College-Orange Park","2020","Instructor","7","0","7","-2"
"439792","Fortis College-Orange Park","2020","All instructional staff total","7","0","7","-2"
"439969","Acupuncture and Massage College","2020","Instructor","2","0","2","-2"
"439969","Acupuncture and Massage College","2020","All instructional staff total","2","0","2","-2"
"441371","Ultimate Medical Academy","2020","Instructor","311","0","311","-2"
"441371","Ultimate Medical Academy","2020","All instructional staff total","311","0","311","-2"
"441380","Florida Barber Academy","2020",,,,,"-2"
"441414","M-DCPS The English Center","2020",,,,,"-2"
"441423","Florida Education Institute","2020","Instructor","8","2","6","-2"
"441423","Florida Education Institute","2020","All instructional staff total","8","2","6","-2"
"442295","Ave Maria School of Law","2020","Professor","19","0","19","-2"
"442295","Ave Maria School of Law","2020","Assistant professor","7","0","7","-2"
"442295","Ave Maria School of Law","2020","All instructional staff total","26","0","26","-2"
"442329","Tulsa Welding School-Jacksonville","2020",,,,,"-2"
"443234","Hollywood Institute","2020",,,,,"-2"
"443252","South Florida Institute of Technology","2020",,,,,"-2"
"444334","Advance Science International College","2020","Instructor","4","0","4","-2"
"444334","Advance Science International College","2020","All instructional staff total","4","0","4","-2"
"444370","American Advanced Technicians Institute","2020",,,,,"-2"
"444404","The Beauty Institute","2020",,,,,"-2"
"445212","Paul Mitchell the School-Orlando","2020",,,,,"-2"
"445744","Fortis Institute-Port Saint Lucie","2020","Instructor","12","0","12","-2"
"445744","Fortis Institute-Port Saint Lucie","2020","All instructional staff total","12","0","12","-2"
"446048","Ave Maria University","2020","Professor","7","0","7","-2"
"446048","Ave Maria University","2020","Associate professor","27","0","27","-2"
"446048","Ave Maria University","2020","Assistant professor","23","0","23","-2"
"446048","Ave Maria University","2020","Instructor","4","0","4","-2"
"446048","Ave Maria University","2020","All instructional staff total","61","0","61","-2"
"446109","Cambridge College of Healthcare & Technology","2020","Instructor","16","0","16","-2"
"446109","Cambridge College of Healthcare & Technology","2020","All instructional staff total","16","0","16","-2"
"446127","ATA Career Education","2020","Instructor","6","0","6","-2"
"446127","ATA Career Education","2020","All instructional staff total","6","0","6","-2"
"446552","Southern Technical College","2020","Instructor","62","0","62","-2"
"446552","Southern Technical College","2020","All instructional staff total","62","0","62","-2"
"447014","Daytona College","2020","Instructor","8","1","7","-2"
"447014","Daytona College","2020","No academic rank","2","0","2","-2"
"447014","Daytona College","2020","All instructional staff total","10","1","9","-2"
"447847","Aviator College of Aeronautical Science and Technology","2020","Professor","8","0","8","-2"
"447847","Aviator College of Aeronautical Science and Technology","2020","Instructor","54","0","54","-2"
"447847","Aviator College of Aeronautical Science and Technology","2020","No academic rank","1","0","1","-2"
"447847","Aviator College of Aeronautical Science and Technology","2020","All instructional staff total","63","0","63","-2"
"447865","Trendsetters School of Beauty & Barbering","2020",,,,,"-2"
"447883","American Institute of Beauty","2020",,,,,"-2"
"447892","North Florida Cosmetology Institute","2020",,,,,"-2"
"447908","Florida Academy of Health & Beauty","2020",,,,,"-2"
"449038","Strayer University-Florida","2020",,,,,"131803"
"449083","CBT Technology Institute-Main Campus","2020","Instructor","2","0","2","-2"
"449083","CBT Technology Institute-Main Campus","2020","All instructional staff total","2","0","2","-2"
"449092","CBT Technology Institute-Hialeah","2020","Instructor","2","0","2","-2"
"449092","CBT Technology Institute-Hialeah","2020","All instructional staff total","2","0","2","-2"
"449481","Dragon Rises College of Oriental Medicine","2020","Professor","1","0","1","-2"
"449481","Dragon Rises College of Oriental Medicine","2020","All instructional staff total","1","0","1","-2"
"449490","Palm Beach Academy of Health & Beauty","2020",,,,,"-2"
"449506","SABER College","2020","Instructor","3","0","3","-2"
"449506","SABER College","2020","All instructional staff total","3","0","3","-2"
"449524","Taylor College","2020","Instructor","8","1","7","-2"
"449524","Taylor College","2020","All instructional staff total","8","1","7","-2"
"449533","Pensacola School of Massage Therapy & Health Careers","2020",,,,,"-2"
"449898","South University-Tampa","2020","Associate professor","3","0","3","-2"
"449898","South University-Tampa","2020","Assistant professor","18","0","18","-2"
"449898","South University-Tampa","2020","Instructor","4","0","4","-2"
"449898","South University-Tampa","2020","All instructional staff total","25","0","25","-2"
"449959","Paul Mitchell the School-Tampa","2020",,,,,"-2"
"451079","Academy for Five Element Acupuncture","2020",,,,,"-2"
"451097","Academy of Career Training","2020",,,,,"-2"
"451103","Miami Regional University","2020","Professor","1","0","1","-2"
"451103","Miami Regional University","2020","Associate professor","3","0","3","-2"
"451103","Miami Regional University","2020","Assistant professor","67","0","67","-2"
"451103","Miami Regional University","2020","All instructional staff total","71","0","71","-2"
"451121","Paul Mitchell the School-Miami","2020",,,,,"-2"
"451149","Aveda Institute-South Florida","2020",,,,,"-2"
"451158","Aveda Institute-Tallahassee","2020",,,,,"-2"
"451167","Shear Excellence Hair Academy","2020",,,,,"-2"
"454865","Cambridge College of Healthcare & Technology","2020","Instructor","28","0","28","-2"
"454865","Cambridge College of Healthcare & Technology","2020","All instructional staff total","28","0","28","-2"
"454874","Cozmo Beauty School","2020",,,,,"-2"
"454917","Celebrity School of Beauty","2020",,,,,"-2"
"455479","Fortis Institute-Pensacola","2020","Instructor","15","0","15","-2"
"455479","Fortis Institute-Pensacola","2020","All instructional staff total","15","0","15","-2"
"455831","Medical Institute of Palm Beach","2020",,,,,"-2"
"456481","Polytechnic University of Puerto Rico-Miami","2020","Associate professor","1","0","1","-2"
"456481","Polytechnic University of Puerto Rico-Miami","2020","All instructional staff total","1","0","1","-2"
"456490","Polytechnic University of Puerto Rico-Orlando","2020","Professor","1","0","1","-2"
"456490","Polytechnic University of Puerto Rico-Orlando","2020","Associate professor","6","0","6","-2"
"456490","Polytechnic University of Puerto Rico-Orlando","2020","All instructional staff total","7","0","7","-2"
"456977","CBT Technology Institute-Cutler Bay","2020","Instructor","1","0","1","-2"
"456977","CBT Technology Institute-Cutler Bay","2020","All instructional staff total","1","0","1","-2"
"457129","Chamberlain University-Florida","2020",,,,,"454218"
"457350","Florida School of Traditional Midwifery","2020",,,,,"-2"
"457378","Emerald Coast Technical College","2020",,,,,"-2"
"457387","Immokalee Technical College","2020",,,,,"-2"
"457396","American Academy of Cosmetology","2020",,,,,"-2"
"457402","University of Fort Lauderdale","2020",,,,,"-2"
"457411","Aviation Institute of Maintenance-Orlando","2020",,,,,"-2"
"457420","Summit Salon Academy","2020",,,,,"-2"
"457439","Summit Salon Academy-Gainesville","2020",,,,,"-2"
"457448","Tenaj Salon Institute","2020",,,,,"-2"
"459055","Empire Beauty School-West Palm","2020",,,,,"-2"
"459329","Fred K Marchman Technical College","2020",,,,,"-2"
"459347","The Salon Professional Academy-Ft Myers","2020",,,,,"-2"
"460190","Concorde Career Institute-Orlando","2020","Instructor","3","0","3","-2"
"460190","Concorde Career Institute-Orlando","2020","All instructional staff total","3","0","3","-2"
"460701","Artistic Nails and Beauty Academy-Lakeland","2020",,,,,"-2"
"460969","Beauty Academy of South Florida","2020",,,,,"-2"
"461245","Flagler Technical College","2020",,,,,"-2"
"461281","Jose Maria Vargas University","2020","Professor","1","0","1","-2"
"461281","Jose Maria Vargas University","2020","All instructional staff total","1","0","1","-2"
"461306","D A Dorsey Technical College","2020",,,,,"-2"
"461883","Millennia Atlantic University","2020",,,,,"-2"
"462035","Florida Academy","2020",,,,,"-2"
"475477","City College-Hollywood","2020","Instructor","3","0","3","-2"
"475477","City College-Hollywood","2020","All instructional staff total","3","0","3","-2"
"475547","Paul Mitchell the School-Fort Myers","2020",,,,,"-2"
"475714","American Medical Academy","2020","Instructor","6","0","6","-2"
"475714","American Medical Academy","2020","All instructional staff total","6","0","6","-2"
"476063","Tulsa Welding School-Jacksonville","2020",,,,,"-2"
"476498","Futura Career Institute","2020",,,,,"-2"
"476814","Florida Institute of Recording Sound and Technology","2020",,,,,"-2"
"476939","FVI School of Nursing and Technology","2020","Instructor","20","0","20","-2"
"476939","FVI School of Nursing and Technology","2020","All instructional staff total","20","0","20","-2"
"480569","Florida Institute of Technology-Online","2020","Associate professor","3","0","3","-2"
"480569","Florida Institute of Technology-Online","2020","Assistant professor","5","0","5","-2"
"480569","Florida Institute of Technology-Online","2020","Instructor","2","0","2","-2"
"480569","Florida Institute of Technology-Online","2020","All instructional staff total","10","0","10","-2"
"480842","Shear Finesse Beauty Academy","2020",,,,,"-2"
"480851","Miami Media School","2020","No academic rank","1","0","1","-2"
"480851","Miami Media School","2020","All instructional staff total","1","0","1","-2"
"481252","Ultrasound Medical Institute","2020","Professor","2","0","2","-2"
"481252","Ultrasound Medical Institute","2020","Associate professor","2","0","2","-2"
"481252","Ultrasound Medical Institute","2020","Instructor","2","0","2","-2"
"481252","Ultrasound Medical Institute","2020","All instructional staff total","6","0","6","-2"
"481313","Kaizen Beauty Academy","2020",,,,,"-2"
"481368","Prestige Health & Beauty Sciences Academy","2020",,,,,"-2"
"481483","Boca Beauty Academy","2020",,,,,"-2"
"482459","DeVry University-Florida","2020","Professor","6","0","6","-2"
"482459","DeVry University-Florida","2020","All instructional staff total","6","0","6","-2"
"482936","Florida Polytechnic University","2020","Professor","3","0","3","-2"
"482936","Florida Polytechnic University","2020","Associate professor","13","0","13","-2"
"482936","Florida Polytechnic University","2020","Assistant professor","41","1","40","-2"
"482936","Florida Polytechnic University","2020","Instructor","14","5","9","-2"
"482936","Florida Polytechnic University","2020","All instructional staff total","71","6","65","-2"
"483470","More Tech Institute","2020",,,,,"-2"
"483595","Ana G. Mendez University","2020",,,,,"-2"
"483869","InterAmerican Technical Institute","2020",,,,,"-2"
"483896","Parisian Spa Institute","2020",,,,,"-2"
"484075","First Coast Barber Academy","2020",,,,,"-2"
"484172","Lee Professional Institute","2020",,,,,"-2"
"484473","University of Florida-Online","2020","Lecturer","6","0","6","-2"
"484473","University of Florida-Online","2020","No academic rank","4","0","4","-2"
"484473","University of Florida-Online","2020","All instructional staff total","10","0","10","-2"
"485272","West Coast University-Miami","2020","Associate professor","2","0","2","-2"
"485272","West Coast University-Miami","2020","Assistant professor","3","0","3","-2"
"485272","West Coast University-Miami","2020","Instructor","28","0","28","-2"
"485272","West Coast University-Miami","2020","No academic rank","1","0","1","-2"
"485272","West Coast University-Miami","2020","All instructional staff total","34","0","34","-2"
"485342","Aparicio-Levy Technical College","2020",,,,,"-2"
"485379","Hollywood Institute of Beauty Careers-West Palm Beach","2020",,,,,"-2"
"485388","Hollywood Institute of Beauty Careers-Casselberry","2020",,,,,"-2"
"485485","Latin Beauty Academy","2020",,,,,"-2"
"485768","Atlantis University","2020","Professor","1","0","1","-2"
"485768","Atlantis University","2020","All instructional staff total","1","0","1","-2"
"486150","Treasure Coast Technical College","2020",,,,,"-2"
"486239","San Ignacio University","2020",,,,,"-2"
"486354","United International College","2020","Professor","3","0","3","-2"
"486354","United International College","2020","All instructional staff total","3","0","3","-2"
"486512","Florida International Training Institute","2020",,,,,"-2"
"487311","Jones Technical Institute","2020","No academic rank","23","0","23","-2"
"487311","Jones Technical Institute","2020","All instructional staff total","23","0","23","-2"
"487384","Florida Career College-Pembroke Pines","2020","No academic rank","3","0","3","-2"
"487384","Florida Career College-Pembroke Pines","2020","All instructional staff total","3","0","3","-2"
"487393","Florida Career College-West Palm Beach","2020","No academic rank","14","2","12","-2"
"487393","Florida Career College-West Palm Beach","2020","All instructional staff total","14","2","12","-2"
"487409","Florida Career College-Hialeah","2020","No academic rank","8","2","6","-2"
"487409","Florida Career College-Hialeah","2020","All instructional staff total","8","2","6","-2"
"487418","Florida Career College-Lauderdale Lakes","2020","No academic rank","7","0","7","-2"
"487418","Florida Career College-Lauderdale Lakes","2020","All instructional staff total","7","0","7","-2"
"487436","Florida Career College-Jacksonville","2020","No academic rank","7","0","7","-2"
"487436","Florida Career College-Jacksonville","2020","All instructional staff total","7","0","7","-2"
"487445","Florida Career College-Boynton Beach","2020","No academic rank","7","1","6","-2"
"487445","Florida Career College-Boynton Beach","2020","All instructional staff total","7","1","6","-2"
"487454","Florida Career College-Margate","2020","No academic rank","2","0","2","-2"
"487454","Florida Career College-Margate","2020","All instructional staff total","2","0","2","-2"
"487472","Florida Career College-Orlando","2020","No academic rank","21","10","11","-2"
"487472","Florida Career College-Orlando","2020","All instructional staff total","21","10","11","-2"
"488059","Med College","2020","Instructor","1","0","1","-2"
"488059","Med College","2020","All instructional staff total","1","0","1","-2"
"488147","PiBerry Institute","2020",,,,,"-2"
"488226","Center for Neurosomatic Studies","2020",,,,,"-2"
"488280","National Personal Training Institute","2020",,,,,"-2"
"488332","Hope College of Arts and Sciences","2020","Professor","4","0","4","-2"
"488332","Hope College of Arts and Sciences","2020","All instructional staff total","4","0","4","-2"
"488891","South Dade Technical College-South Dade Skills Center Campus","2020",,,,,"-2"
"489238","Boca Beauty Academy-Parkland","2020",,,,,"-2"
"490018","National Personal Training Institute-Tampa","2020",,,,,"-2"
"490054","HCI College","2020","Instructor","19","0","19","-2"
"490054","HCI College","2020","All instructional staff total","19","0","19","-2"
"490090","Gadsden Technical College","2020",,,,,"-2"
"490142","World Class Academy of Beauty Careers","2020",,,,,"-2"
"490391","American Beauty Schools","2020",,,,,"-2"
"490975","Fortis College-Cutler Bay","2020","Instructor","3","0","3","-2"
"490975","Fortis College-Cutler Bay","2020","All instructional staff total","3","0","3","-2"
"491136","Empire Beauty School-Tampa","2020",,,,,"-2"
"491145","Empire Beauty School-Lakeland","2020",,,,,"-2"
"491534","Pets Playground Grooming School","2020",,,,,"-2"
"491747","UR Beauty & Barber Academy","2020",,,,,"-2"
"491783","Wilton Simpson Technical College","2020",,,,,"-2"
"491932","Installer Institute","2020",,,,,"-2"
"492360","The Salon Professional Academy-Delray Beach","2020",,,,,"-2"
"492652","KCK Beauty & Barber Academy","2020",,,,,"-2"
"492935","Global Medical & Technical Training Institute","2020",,,,,"-2"
"493488","Premiere International College","2020","Instructor","1","0","1","-2"
"493488","Premiere International College","2020","All instructional staff total","1","0","1","-2"
"493567","Bellasa Professional Institute","2020",,,,,"-2"
"494597","Faith Theological Seminary and Christian College","2020",,,,,"-2"
"495183","Mariano Moreno Culinary Institute","2020",,,,,"-2"
"495217","Adrian H. Wallace Barber Academy","2020",,,,,"-2"
"495235","Total Beauty Institute","2020",,,,,"-2"
"495299","Florida Professional Institute","2020",,,,,"-2"
"495369","Paul Mitchell the School-Fort Lauderdale","2020",,,,,"-2"
"495420","Arizona College of Nursing-Tampa","2020","No academic rank","1","0","1","-2"
"495420","Arizona College of Nursing-Tampa","2020","All instructional staff total","1","0","1","-2"
"495439","Arizona College of Nursing-Fort Lauderdale","2020","No academic rank","1","0","1","-2"
"495439","Arizona College of Nursing-Fort Lauderdale","2020","All instructional staff total","1","0","1","-2"
"496052","Ruben's Five Star Academy","2020",,,,,"-2"
"496636","Antigua College International","2020",,,,,
"496681","Florida Academy of Nursing","2020",,,,,
"496973","Herzing University-Tampa","2020",,,,,
"496991","Galen Health Institutes-Miami Campus","2020",,,,,
"497222","Salon Professional Academy-Elevate Salon Institute","2020",,,,,
"498030","Universal Technical Institute-South Florida Miramar","2020",,,,,
"498076","Galen Health Institutes-Sarasota","2020",,,,,
"498085","Galen Health Institutes-Gainesville","2020",,,,,
"498234","Larkin University","2020",,,,,
"498340","Chancellor Institute","2020",,,,,
"498377","Commercial Diving Technologies Institute","2020",,,,,
"498827","JT's Cuts Academy","2020",,,,,
"498924","URBE University","2020",,,,,
"499370","Arizona College of Nursing-Sarasota","2020",,,,,
"499495","Gwinnett Institute","2020",,,,,
"500005","Affinity Hair Academy","2020",,,,,
"500014","ICR Florida Education","2020",,,,,
"500041","Kennedy University of Baptist","2020",,,,,
"500087","Doral College","2020",,,,,
"500397","Aguilas International Technical Institute","2020",,,,,
"500403","Miami Barber Institute","2020",,,,,
"500537","UR Beauty & Barber Academy-At True Family Barber Academy","2020",,,,,
