program_percentage_resources,program_percentage_architecture,program_percentage_ethnic_cultural_gender,program_percentage_communication,program_percentage_communications_technology,program_percentage_computer,program_percentage_personal_culinary,program_percentage_education,program_percentage_engineering,program_percentage_engineering_technology,program_percentage_language,program_percentage_family_consumer_science,program_percentage_legal,program_percentage_english,program_percentage_humanities,program_percentage_library,program_percentage_biological,program_percentage_mathematics,program_percentage_military,program_percentage_multidiscipline,program_percentage_parks_recreation_fitness,program_percentage_philosophy_religious,program_percentage_theology_religious_vocation,program_percentage_physical_science,program_percentage_science_technology,program_percentage_psychology,program_percentage_security_law_enforcement,program_percentage_public_administration_social_service,program_percentage_social_science,program_percentage_construction,program_percentage_mechanic_repair_technology,program_percentage_precision_production,program_percentage_transportation,program_percentage_visual_performing,program_percentage_health,program_percentage_business_marketing,program_percentage_history,instructional_expenditure_per_fte,faculty_salary,ft_faculty_rate,program_reporter_programs_offered,student_faculty_ratio,endowment_begin,endowment_end,dolflag,school_name,unit_id,has_endowment
0.0,0.0,0.0,0.0,0.0,0.1043,0.0313,0.0,0.0,0.1913,0.0,0.0,0.0278,0.0,0.0,0.0,0.0,0.0,0.0,0.0,0.0,0.0,0.0,0.0,0.0,0.0,0.0,0.0,0.0,0.0765,0.0591,0.033,0.0,0.0,0.4017,0.0748,0.0,19483.0,,,47.0,17.0,,,1.0,Atlantic Technical College,132374,0
0.0,0.0,0.0,0.0,0.0,0.0,0.0,0.0556,0.0,0.0,0.0,0.0,0.0,0.037,0.2407,0.0,0.0,0.0,0.0,0.0,0.0,0.0,0.3519,0.0,0.0,0.1667,0.0,0.0,0.0,0.0,0.0,0.0,0.0,0.1111,0.0,0.0185,0.0185,9992.0,5515.0,1.0,,8.0,8589732.0,7970708.0,0.0,Baptist University of Florida,132408,1
0.0,0.0,0.0,0.0366,0.0,0.0539,0.0,0.0173,0.0,0.0,0.0,0.0,0.0077,0.0019,0.0135,0.0,0.1522,0.0019,0.0,0.0,0.0405,0.0019,0.0019,0.0096,0.0,0.0636,0.0289,0.0829,0.0385,0.0,0.0,0.0,0.0,0.0366,0.2216,0.1888,0.0,11546.0,8861.0,0.283,,7.0,53988781.0,58752320.0,0.0,Barry University,132471,1
0.0034,0.0,0.0,0.1,0.0,0.0207,0.0,0.031,0.0138,0.0,0.0,0.0,0.0,0.0069,0.2207,0.0,0.0448,0.0034,0.0,0.0138,0.1,0.0,0.0,0.0,0.0,0.1414,0.0793,0.0,0.031,0.0,0.0,0.0,0.0,0.0172,0.0138,0.1586,0.0,11053.0,7167.0,0.76,,17.0,36303752.0,41110832.0,1.0,Bethune-Cookman University,132602,1
0.0051,0.0,0.0,0.0696,0.017,0.0,0.0,0.0357,0.0,0.0,0.0,0.0,0.0,0.0,0.0017,0.0,0.0628,0.0,0.0136,0.0068,0.0696,0.0,0.0,0.0,0.0,0.0951,0.0594,0.0,0.0119,0.0,0.0,0.0,0.0611,0.107,0.0051,0.3786,0.0,7523.0,6894.0,0.4331,,16.0,37840050.0,42918486.0,0.0,Lynn University,132657,1
0.0,0.0,0.0,0.0,0.0,0.0,0.0,0.0,0.0,0.0,0.0,0.0,0.0,0.0,0.0,0.0,0.0,0.0,0.0,0.0,0.0,0.0,0.0,0.0,0.0,0.0,0.0,0.0,0.0,0.0,0.0,0.1343,0.5821,0.0,0.2836,0.0,0.0,24725.0,,,5.0,7.0,,,1.0,North Florida Technical College,132675,0
0.0,0.0,0.0,0.0007,0.0019,0.0713,0.011,0.0024,0.0,0.038,0.0,0.0129,0.0014,0.0,0.3991,0.0,0.0,0.0,0.0,0.0,0.0,0.0,0.0,0.0,0.0603,0.0,0.0543,0.0,0.0,0.0,0.0115,0.0081,0.0,0.0012,0.1706,0.1515,0.0,4778.0,6880.0,0.3651,,22.0,19989561.0,22555029.0,1.0,Eastern Florida State College,132693,1
0.0059,0.0,0.0,0.0014,0.001,0.0992,0.0023,0.0092,0.0,0.0119,0.0,0.0155,0.0028,0.0,0.397,0.0,0.0,0.0,0.0,0.0025,0.0,0.0,0.0,0.0,0.0001,0.0,0.0528,0.0,0.0001,0.0,0.0035,0.0,0.0261,0.0086,0.1196,0.2407,0.0,3883.0,6877.0,0.3117,,31.0,44981606.0,45145927.0,1.0,Broward College,132709,1
0.0,0.0,0.0,0.0,0.0,0.0,0.0,0.1,0.0,0.0,0.0,0.0,0.0,0.0,0.0,0.0,0.0,0.0,0.0,0.0,0.0,0.0,0.0,0.0,0.0,0.9,0.0,0.0,0.0,0.0,0.0,0.0,0.0,0.0,0.0,0.0,0.0,5578.0,6867.0,0.9444,,12.0,,,0.0,Albizu University-Miami,132842,0
0.0,0.0,0.0,0.0031,0.0,0.0521,0.0,0.0121,0.0,0.013,0.0,0.0202,0.0004,0.0,0.3007,0.0,0.0,0.0,0.0,0.0,0.0,0.0,0.0,0.0,0.0126,0.0,0.0481,0.0,0.0,0.0,0.0,0.0067,0.0,0.0013,0.1528,0.3371,0.0,6055.0,7331.0,0.4306,,19.0,81612755.0,88387344.0,1.0,College of Central Florida,132851,1
0.0069,0.0018,0.0,0.041,0.0,0.0557,0.0,0.0332,0.0788,0.0,0.001,0.0,0.0124,0.0214,0.0273,0.0,0.0578,0.0062,0.0,0.0527,0.0274,0.0025,0.0,0.0053,0.0,0.1076,0.0329,0.0079,0.0457,0.0,0.0,0.0,0.0,0.0736,0.1428,0.15,0.008,7831.0,11575.0,0.9851,,28.0,186027257.0,201916665.0,1.0,University of Central Florida,132903,1
0.0,0.0,0.0,0.0201,0.0738,0.094,0.1611,0.0,0.0,0.0638,0.0,0.0201,0.0,0.0,0.0,0.0,0.0,0.0,0.0,0.0,0.0,0.0,0.0,0.0,0.0,0.0,0.0772,0.0,0.0,0.0,0.245,0.0,0.0,0.0,0.245,0.0,0.0,11681.0,,,,15.0,,,1.0,Charlotte Technical College,132976,0
0.0,0.0,0.0,0.0,0.0,0.0393,0.0291,0.0496,0.0,0.0,0.0,0.0,0.0,0.0,0.3453,0.0,0.0,0.0,0.0,0.0,0.0103,0.0,0.0,0.0,0.0,0.0,0.2051,0.0,0.0,0.0068,0.0188,0.0496,0.0,0.0017,0.1932,0.0513,0.0,6990.0,6218.0,0.4035,,17.0,18927510.0,20819656.0,1.0,Chipola College,133021,1
0.0,0.0,0.0,0.0382,0.0,0.0743,0.1285,0.0,0.0,0.0863,0.0,0.0,0.008,0.0,0.0,0.0,0.0,0.0,0.0,0.0,0.0,0.0,0.0,0.0,0.0,0.0,0.0,0.0,0.0,0.0,0.1847,0.0622,0.0,0.0,0.3293,0.0402,0.0,8756.0,,,27.0,20.0,,,1.0,Lorenzo Walker Technical College,133155,0
0.0003,0.0,0.0,0.0016,0.0016,0.0227,0.0605,0.0186,0.0129,0.0202,0.0,0.0003,0.0044,0.0,0.4307,0.0,0.0,0.0,0.0,0.0,0.0,0.0,0.0,0.0,0.0,0.0,0.0586,0.0,0.0,0.0195,0.0088,0.0224,0.0,0.0126,0.2146,0.0898,0.0,5646.0,7621.0,0.2803,,19.0,20767028.0,24334381.0,1.0,Daytona State College,133386,1
0.0,0.0,0.0,0.0,0.0,0.0,0.0,0.0,0.0,0.0,0.0,0.0,0.0,0.0,0.0,0.0,0.0,0.0,0.0,0.0,0.0,0.0,0.0,0.0,0.0,0.0278,0.0,0.0,0.0,0.0,0.0,0.0,0.0,0.0,0.9444,0.0278,0.0,10230.0,9088.0,0.5345,,12.0,,,0.0,South University-West Palm Beach,133465,0
0.1212,0.0,0.0023,0.0233,0.0,0.007,0.0,0.0,0.0,0.0,0.0047,0.0,0.0,0.0256,0.0023,0.0,0.4639,0.0,0.0,0.0,0.0,0.0093,0.0,0.0303,0.0,0.0793,0.0,0.0,0.0629,0.0,0.0,0.0,0.0,0.049,0.0023,0.1096,0.007,17363.0,8920.0,0.8918,,11.0,83580143.0,94995100.0,0.0,Eckerd College,133492,1
0.0,0.006,0.0,0.0,0.0089,0.0741,0.0,0.0244,0.0,0.0,0.0,0.012,0.0279,0.0,0.4767,0.0,0.0,0.0,0.0,0.0006,0.0,0.0,0.0,0.0,0.0355,0.0,0.05,0.0,0.0,0.0,0.0,0.0,0.0,0.0013,0.2232,0.0595,0.0,4739.0,7052.0,0.2759,,27.0,46408962.0,49289947.0,1.0,Florida SouthWestern State College,133508,1
0.0,0.0,0.0,0.0467,0.0,0.0,0.0,0.0,0.0,0.0,0.0,0.0,0.0,0.0,0.0,0.0,0.1028,0.0,0.0,0.0,0.0,0.0,0.0,0.0,0.0,0.0935,0.215,0.0,0.0,0.0,0.0,0.0,0.0,0.0093,0.0,0.5327,0.0,4916.0,5800.0,1.0,,14.0,4331662.0,5527915.0,0.0,Edward Waters University,133526,1
0.0,0.0,0.0,0.0007,0.0,0.0209,0.0,0.0,0.3398,0.0056,0.0,0.0,0.0,0.0,0.0,0.0,0.0265,0.014,0.0216,0.0174,0.0,0.0,0.0,0.03,0.0,0.0209,0.0356,0.0,0.0,0.0,0.0,0.0,0.4166,0.0,0.0,0.0502,0.0,14657.0,10966.0,0.8761,,18.0,195144000.0,222643000.0,1.0,Embry-Riddle Aeronautical University-Daytona Beach,133553,1
0.0025,0.0249,0.0037,0.0423,0.0,0.0292,0.0,0.0317,0.033,0.0087,0.0,0.0,0.0,0.0056,0.0124,0.0,0.0616,0.0031,0.0,0.0759,0.0131,0.0012,0.0,0.0081,0.0,0.0896,0.0647,0.0292,0.0485,0.0,0.0,0.0,0.0,0.0342,0.2365,0.1033,0.0012,10680.0,9244.0,0.9984,,14.0,97517038.0,101700975.0,1.0,Florida Agricultural and Mechanical University,133650,1
0.0038,0.0176,0.0003,0.058,0.0,0.0365,0.0,0.0293,0.0346,0.0,0.0035,0.0,0.0,0.0112,0.0536,0.0,0.0614,0.003,0.0,0.0928,0.0239,0.0014,0.0,0.0123,0.0,0.0752,0.0442,0.0351,0.0445,0.0,0.0,0.0,0.0,0.0157,0.1138,0.2223,0.0058,9412.0,10706.0,0.7525,,24.0,354574122.0,398118994.0,1.0,Florida Atlantic University,133669,1
0.0002,0.0009,0.0,0.0036,0.0145,0.0807,0.0518,0.0059,0.0,0.0302,0.0,0.0074,0.0067,0.0,0.2881,0.0,0.0028,0.0,0.0,0.0014,0.0,0.0,0.0,0.0,0.0209,0.0,0.0532,0.0147,0.0,0.0031,0.001,0.0074,0.0484,0.0104,0.1402,0.2066,0.0,4827.0,6904.0,0.3598,,27.0,33332917.0,35667630.0,1.0,Florida State College at Jacksonville,133702,1
0.0545,0.0,0.0,0.0773,0.0,0.0,0.0,0.0808,0.0,0.0,0.0018,0.0,0.0,0.0316,0.0018,0.0,0.0,0.0035,0.0,0.0141,0.0422,0.0018,0.0,0.0,0.0,0.116,0.0,0.0264,0.1301,0.0,0.0,0.0,0.0,0.1213,0.0,0.2724,0.0246,10177.0,7796.0,0.4865,,15.0,87754970.0,94777008.0,0.0,Flagler College,133711,1
0.0,0.0,0.0,0.0432,0.0,0.0,0.0,0.0541,0.0,0.0,0.0,0.0,0.0,0.0216,0.5622,0.0,0.0,0.0,0.0,0.0,0.0486,0.0,0.0324,0.0,0.0,0.0,0.0,0.0,0.0,0.0,0.0,0.0,0.0,0.0324,0.0919,0.1027,0.0108,15747.0,7129.0,1.0,,14.0,17258701.0,16231128.0,0.0,Florida College,133809,1
0.0,0.0,0.0,0.0,0.0,0.0,0.0,0.0,0.0,0.0,0.0,0.0,0.0,0.0,0.0,0.0,0.0,0.0,0.0,0.0,0.0,0.0,0.0,0.0,0.0,0.0,0.0,0.0,0.0,0.0,0.0,0.0,0.0,0.0,1.0,0.0,0.0,12867.0,6365.0,0.5795,12.0,16.0,,,1.0,Concorde Career Institute-Jacksonville,133845,0
0.0,0.0,0.0,0.0,0.0,0.0,0.0,0.0,0.0,0.0,0.0,0.0,0.0,0.0,0.0,0.0,0.0,0.0,0.0,0.0,0.0,0.0,0.0,0.0,0.0,0.0,0.0,0.0,0.0,0.0,0.0,0.0,0.0,0.0,1.0,0.0,0.0,15067.0,5713.0,0.7358,12.0,19.0,,,1.0,Concorde Career Institute-Miramar,133854,0
0.0,0.0,0.0,0.0,0.0,0.0,0.0,0.0,0.0,0.0,0.0,0.0,0.0,0.0,0.0,0.0,0.0,0.0,0.0,0.0,0.0,0.0,0.0,0.0,0.0,0.0,0.0,0.0,0.0,0.0,0.0,0.0,0.0,0.0,1.0,0.0,0.0,11570.0,5938.0,0.7273,10.0,24.0,,,1.0,Concorde Career Institute-Tampa,133863,0
0.0,0.0,0.0,0.0,0.0,0.0,0.0,0.0,0.0,0.0,0.0,0.0,0.0,0.0,0.0,0.0,0.0361,0.0,0.0,0.0,0.0,0.0,0.0,0.0,0.0,0.0,0.0,0.0,0.0,0.0,0.0,0.0,0.0,0.0,0.9639,0.0,0.0,12856.0,8875.0,0.9764,,6.0,11241909.0,11811829.0,0.0,AdventHealth University,133872,1
0.0104,0.0,0.0,0.0075,0.0,0.0522,0.0,0.0,0.3756,0.0104,0.0,0.0,0.0045,0.0,0.003,0.0,0.07,0.0075,0.0,0.0045,0.0089,0.0,0.0,0.0686,0.0,0.0551,0.0,0.0,0.0,0.0,0.0,0.0,0.228,0.0,0.0,0.0924,0.0,11908.0,11366.0,0.7554,,13.0,96580299.0,105961895.0,1.0,Florida Institute of Technology,133881,1
0.0028,0.0,0.0039,0.0519,0.0,0.0748,0.0,0.037,0.0549,0.0088,0.0071,0.0,0.0,0.0153,0.0339,0.0,0.0869,0.0031,0.0,0.0487,0.0058,0.0021,0.0,0.0083,0.0,0.1312,0.0478,0.0092,0.0566,0.0,0.0,0.0,0.0,0.0174,0.0524,0.2331,0.007,8518.0,11817.0,0.9761,,24.0,306631350.0,337735286.0,0.0,Florida International University,133951,1
0.0553,0.0,0.0,0.0,0.0,0.0,0.0043,0.0,0.0,0.0,0.0,0.0,0.0,0.0,0.1957,0.0,0.0,0.0,0.0,0.0213,0.0,0.0,0.0,0.0,0.0,0.0,0.0723,0.0,0.0,0.0,0.0936,0.0,0.0681,0.0,0.3106,0.1787,0.0,10363.0,7266.0,0.211,,12.0,5687682.0,7040320.0,1.0,The College of the Florida Keys,133960,1
0.0,0.0,0.0,0.0183,0.0,0.055,0.0,0.0459,0.0,0.0,0.0,0.0,0.0183,0.0,0.0,0.0,0.0459,0.0,0.0,0.0183,0.0,0.0092,0.0,0.0092,0.0,0.156,0.1009,0.055,0.0183,0.0,0.0,0.0,0.1009,0.0367,0.0642,0.2477,0.0,3701.0,7615.0,0.6923,,17.0,6253204.0,7258273.0,0.0,Florida Memorial University,133979,1
0.0,0.0,0.0,0.0,0.0,0.0,0.0,0.0,0.0,0.0,0.0,0.0,0.0,0.0,0.0,0.0,0.0,0.0,0.0,0.0,0.0,0.0,0.0,0.0,0.0,0.0,0.0,0.0,0.0,0.0,0.0,0.0,0.0,0.0,1.0,0.0,0.0,3050.0,,,1.0,4.0,,,1.0,Florida School of Massage,134024,0
0.0145,0.0,0.0,0.0644,0.0,0.037,0.0,0.0548,0.0,0.0,0.0,0.0,0.0,0.0209,0.0032,0.0,0.1787,0.0225,0.0,0.0016,0.0177,0.0064,0.0,0.0048,0.0,0.0853,0.0,0.0,0.0548,0.0,0.0,0.0,0.0,0.1111,0.066,0.2464,0.0048,11211.0,9031.0,1.0,,11.0,107580305.0,130587373.0,0.0,Florida Southern College,134079,1
0.0163,0.0,0.0008,0.0322,0.0,0.0436,0.0,0.0188,0.0436,0.0,0.0068,0.0265,0.0,0.0269,0.0234,0.0,0.082,0.0098,0.0,0.0006,0.0188,0.0034,0.0,0.0083,0.0,0.0822,0.0583,0.0072,0.1428,0.0,0.0,0.0,0.0,0.0345,0.0776,0.2265,0.0089,13724.0,12841.0,0.8398,,17.0,947008761.0,1029931070.0,0.0,Florida State University,134097,1
0.0208,0.0117,0.0031,0.0598,0.0,0.0457,0.0,0.0182,0.1401,0.0109,0.014,0.0061,0.0,0.0136,0.0103,0.0,0.1032,0.0195,0.0,0.0345,0.0285,0.0048,0.0,0.0229,0.0,0.0563,0.0042,0.0,0.1025,0.0,0.0,0.0,0.0,0.0344,0.0686,0.125,0.0111,23406.0,13581.0,0.8959,,16.0,2334070000.0,2448293000.0,1.0,University of Florida,134130,1
0.0,0.0,0.0,0.0,0.0,0.0,1.0,0.0,0.0,0.0,0.0,0.0,0.0,0.0,0.0,0.0,0.0,0.0,0.0,0.0,0.0,0.0,0.0,0.0,0.0,0.0,0.0,0.0,0.0,0.0,0.0,0.0,0.0,0.0,0.0,0.0,0.0,5000.0,,,2.0,7.0,,,0.0,Fort Pierce Beauty Academy,134228,0
0.0,0.0,0.0,0.032,0.1818,0.0636,0.0,0.0,0.0249,0.0744,0.0,0.0,0.0,0.0553,0.0,0.0,0.0,0.0,0.0,0.1156,0.0,0.0,0.0,0.0,0.0,0.0,0.0,0.0,0.0,0.0,0.0,0.0,0.0,0.4321,0.0,0.0202,0.0,4330.0,5970.0,0.9096,,32.0,,,0.0,Full Sail University,134237,0
0.0,0.0,0.0,0.0,0.0,0.1163,0.0897,0.0,0.0,0.01,0.0,0.0,0.0,0.0,0.0,0.0,0.0,0.0,0.0,0.0,0.0,0.0,0.0,0.0,0.0,0.0,0.3189,0.0,0.0,0.0997,0.186,0.103,0.0,0.0,0.0698,0.0066,0.0,10059.0,,,27.0,21.0,,,1.0,George Stone Technical College,134291,0
0.0,0.0,0.0,0.0,0.0,0.0,0.0,0.0,0.0,0.0,0.0,0.0,0.0,0.0,0.0,0.0,0.0,0.0,0.0,0.0,0.0,0.0,0.0,0.0,0.0,0.0,0.0,0.0,0.0,0.0,1.0,0.0,0.0,0.0,0.0,0.0,0.0,4610.0,,,3.0,20.0,,,0.0,George T Baker Aviation Technical College,134307,0
0.0,0.002,0.0,0.0109,0.004,0.0227,0.0257,0.003,0.0,0.0296,0.0,0.0059,0.0,0.0,0.3804,0.0,0.0,0.0,0.0,0.0,0.0,0.0,0.0,0.0,0.0,0.0,0.083,0.0,0.0,0.0,0.0,0.0069,0.0,0.003,0.3844,0.0385,0.0,8060.0,6004.0,0.6015,,22.0,35494030.0,36823143.0,1.0,Gulf Coast State College,134343,1
0.0011,0.0012,0.0,0.0055,0.0038,0.0401,0.0065,0.0041,0.0,0.0161,0.0,0.0043,0.0078,0.0,0.3722,0.0,0.0,0.0,0.0,0.0008,0.0,0.0,0.0,0.0,0.0024,0.0,0.0489,0.0,0.0,0.0097,0.0093,0.0094,0.0,0.0024,0.3734,0.0772,0.0,4103.0,7844.0,0.3697,,23.0,6635664.0,7338785.0,1.0,Hillsborough Community College,134495,1
0.0,0.0,0.0,0.0,0.0,0.0,0.0,0.375,0.0,0.0,0.0,0.0,0.0,0.0,0.1667,0.0,0.0,0.0,0.0,0.0,0.0,0.0,0.25,0.0,0.0,0.1667,0.0,0.0,0.0,0.0,0.0,0.0,0.0,0.0417,0.0,0.0,0.0,15377.0,3395.0,0.5556,,5.0,2749040.0,2824040.0,0.0,Hobe Sound Bible College,134510,1
0.0,0.0,0.0,0.0,0.0,0.0,0.8946,0.0,0.0,0.0,0.0,0.0,0.0,0.0,0.0,0.0,0.0,0.0,0.0,0.0,0.0,0.0,0.0,0.0,0.0,0.0,0.0,0.0,0.0,0.0,0.0,0.0,0.0,0.0,0.1054,0.0,0.0,3034.0,,,9.0,25.0,,,0.0,Hollywood Institute of Beauty Careers,134529,0
0.0,0.0,0.0,0.0,0.0,0.0,0.6341,0.0,0.0,0.0,0.0,0.0,0.0,0.0,0.0,0.0,0.0,0.0,0.0,0.0,0.0,0.0,0.0,0.0,0.0,0.0,0.0,0.0,0.0,0.0,0.0,0.0,0.0,0.0,0.3659,0.0,0.0,4201.0,,,4.0,20.0,,,0.0,Cortiva Institute,134574,0
0.0,0.0,0.0,0.0,0.0119,0.0652,0.0623,0.0171,0.0,0.0431,0.0,0.0019,0.0038,0.0,0.4018,0.0,0.0128,0.0,0.0,0.0,0.0,0.0,0.0,0.0,0.0,0.0,0.0868,0.0247,0.0,0.0012,0.0002,0.0026,0.0,0.0038,0.1594,0.098,0.0,5803.0,7862.0,0.3961,,27.0,30060727.0,30669599.0,1.0,Indian River State College,134608,1
0.0,0.0,0.0,0.0,0.0,0.0,0.8056,0.0,0.0,0.0,0.0,0.0,0.0,0.0,0.0,0.0,0.0,0.0,0.0,0.0,0.0,0.0,0.0,0.0,0.0,0.0,0.0,0.0,0.0,0.0,0.0,0.0,0.0,0.0,0.1944,0.0,0.0,4449.0,,,8.0,13.0,,,0.0,International Academy,134714,0
0.0,0.0,0.0,0.0,0.0,0.013,0.0,0.0145,0.0159,0.0,0.0,0.0,0.0087,0.0087,0.0014,0.0,0.0493,0.0087,0.0,0.0333,0.0391,0.0,0.0,0.0101,0.0,0.0464,0.0,0.0,0.0464,0.0,0.0,0.0,0.087,0.0826,0.4232,0.1101,0.0014,10576.0,8698.0,0.5459,,11.0,59546445.0,66101962.0,0.0,Jacksonville University,134945,1
0.0,0.0,0.0,0.0057,0.0,0.0537,0.0098,0.0,0.0039,0.0057,0.0,0.0,0.0169,0.0,0.051,0.0,0.0094,0.0,0.0,0.0299,0.0285,0.0,0.0,0.0,0.0,0.0378,0.0531,0.0,0.0022,0.0,0.0,0.0,0.0,0.0071,0.5879,0.0976,0.0,5657.0,6172.0,0.6249,,14.0,,,1.0,Keiser University-Ft Lauderdale,135081,0
0.0,0.0,0.0,0.0,0.0,0.0,0.9215,0.0,0.0,0.0,0.0,0.0,0.0,0.0,0.0,0.0,0.0,0.0,0.0,0.0,0.0,0.0,0.0,0.0,0.0,0.0,0.0,0.0,0.0,0.0,0.0,0.0,0.0,0.0,0.0785,0.0,0.0,2255.0,,,6.0,20.0,,,0.0,La Belle Beauty School,135142,0
0.0125,0.0,0.0,0.0052,0.0063,0.0125,0.0647,0.0417,0.0,0.0209,0.0,0.0271,0.0,0.0,0.2722,0.0,0.0,0.0,0.0,0.0,0.0,0.0,0.0,0.0,0.0,0.0,0.1981,0.0,0.0,0.0,0.0,0.0219,0.048,0.0063,0.2284,0.0156,0.0,7249.0,6548.0,0.3879,,14.0,15666097.0,18315332.0,1.0,Florida Gateway College,135160,1
0.0,0.0,0.0,0.0,0.0,0.0397,0.1289,0.0,0.0,0.0283,0.0,0.0,0.0,0.0,0.0,0.0,0.0,0.0,0.0,0.0,0.0,0.0,0.0,0.0,0.0,0.0,0.2139,0.0,0.0,0.0,0.0595,0.1048,0.0,0.0,0.3725,0.017,0.0,12905.0,,,26.0,8.0,,,1.0,Lake Technical College,135179,0
0.0,0.0,0.0,0.0,0.0,0.0405,0.0,0.0,0.0,0.0298,0.0,0.0,0.0,0.0,0.5876,0.0,0.0,0.0,0.0,0.0,0.0,0.0,0.0,0.0,0.0802,0.0,0.0074,0.0,0.0,0.0008,0.0,0.0,0.0,0.0,0.1182,0.1355,0.0,4398.0,6619.0,0.3448,,28.0,11905416.0,13660157.0,1.0,Lake-Sumter State College,135188,1
0.0,0.0,0.0,0.0,0.0,0.0224,0.0434,0.0,0.0,0.0741,0.0,0.0098,0.0,0.0,0.0,0.0,0.0,0.0,0.0,0.0,0.0,0.0,0.0,0.0,0.0,0.0,0.3552,0.0,0.0,0.1147,0.1161,0.049,0.0,0.0,0.2154,0.0,0.0,18682.0,,,33.0,21.0,,,1.0,Fort Myers Technical College,135267,0
0.0,0.0,0.0,0.0028,0.0,0.0,0.2603,0.0,0.0,0.0925,0.0,0.0,0.0,0.0,0.0,0.0,0.0,0.0,0.0,0.0,0.0,0.0,0.0,0.0,0.0,0.0,0.0,0.0,0.0,0.0754,0.1664,0.0797,0.0,0.0,0.3229,0.0,0.0,4998.0,,,35.0,15.0,,,1.0,Lively Technical College,135276,0
0.0,0.0,0.0,0.0,0.0,0.0688,0.2275,0.0,0.0,0.0899,0.0,0.0159,0.0,0.0,0.0,0.0,0.0,0.0,0.0,0.0,0.0,0.0,0.0,0.0,0.0,0.0,0.0,0.0,0.0,0.1005,0.1429,0.0,0.0,0.0265,0.328,0.0,0.0,18133.0,,,21.0,15.0,,,0.0,Lindsey Hopkins Technical College,135294,0
0.0,0.0,0.0,0.0,0.0,0.0,0.8125,0.0,0.0,0.0,0.0,0.0,0.0,0.0,0.0,0.0,0.0,0.0,0.0,0.0,0.0,0.0,0.0,0.0,0.0,0.0,0.0,0.0,0.0,0.0,0.0,0.0,0.0,0.0,0.1875,0.0,0.0,3482.0,,,11.0,20.0,,,0.0,Loraines Academy & Spa,135337,0
0.0,0.0,0.0,0.0006,0.0,0.044,0.0,0.0463,0.0,0.0062,0.0,0.0034,0.0062,0.0,0.5703,0.0,0.0,0.0,0.0,0.0006,0.0,0.0,0.0,0.0,0.0056,0.0,0.0339,0.0,0.0,0.0051,0.0,0.0,0.0,0.0006,0.2134,0.0638,0.0,7445.0,7085.0,0.3742,,23.0,73521264.0,73521265.0,1.0,State College of Florida-Manatee-Sarasota,135391,1
0.0,0.0,0.0,0.0,0.0269,0.0382,0.3333,0.0,0.0,0.1055,0.0,0.0079,0.0,0.0,0.0,0.0,0.0,0.0,0.0,0.0,0.0,0.0,0.0,0.0,0.0,0.0,0.1111,0.0,0.0,0.0393,0.0864,0.0572,0.0,0.0034,0.1785,0.0123,0.0,8020.0,,,55.0,10.0,,,1.0,Manatee Technical College,135407,0
0.0,0.0,0.0,0.0,0.0086,0.0688,0.0774,0.0,0.0,0.0774,0.0,0.0,0.0,0.0,0.0,0.0,0.0,0.0,0.0,0.0,0.0,0.0,0.0,0.0,0.0,0.0,0.0,0.0,0.0,0.0487,0.2178,0.0602,0.0,0.0,0.4384,0.0029,0.0,7091.0,,,22.0,16.0,,,1.0,Traviss Technical College,135522,0
0.0,0.0,0.0,0.0,0.0,0.0,0.0,0.0,0.0,0.0,0.0,0.0,0.0,0.0,0.0,0.0,0.0,0.0,0.0,0.0,0.0,0.0,0.0,0.0,0.0,0.0,0.0,0.0,0.0,0.0,0.0,0.0,0.0,0.0,0.0,0.0,0.0,5283.0,,,4.0,9.0,,,0.0,Merryfield Academy,135559,0
0.0,0.0,0.0,0.0,0.0,0.0,0.0048,0.0,0.0,0.0287,0.0,0.0,0.0,0.0,0.0,0.0,0.0,0.0,0.0,0.0,0.0,0.0,0.0,0.0,0.0,0.0,0.0,0.0,0.0,0.1866,0.244,0.0431,0.3876,0.0,0.1053,0.0,0.0,6602.0,,,17.0,13.0,,,0.0,Miami Lakes Educational Center and Technical College,135647,0
0.0,0.0004,0.0,0.0,0.0049,0.0394,0.0089,0.007,0.0,0.0031,0.0,0.0033,0.0017,0.0,0.3144,0.0,0.0018,0.0,0.0,0.002,0.0,0.0,0.0,0.0,0.0001,0.0,0.0328,0.0,0.0,0.0,0.0016,0.0,0.0025,0.0152,0.0856,0.4736,0.0,5021.0,8057.0,0.1899,,22.0,270731154.0,282065101.0,1.0,Miami Dade College,135717,1
0.0231,0.0308,0.002,0.0951,0.0,0.0251,0.0,0.0114,0.0529,0.0,0.0013,0.004,0.0154,0.0084,0.0097,0.0,0.0975,0.005,0.0,0.002,0.0248,0.003,0.0,0.0154,0.0,0.0549,0.0,0.0007,0.0931,0.0,0.0,0.0,0.0,0.066,0.147,0.2046,0.0067,36040.0,16043.0,0.7078,,11.0,1365713194.0,1589857455.0,0.0,University of Miami,135726,1
0.0,0.0,0.0,0.023,0.0207,0.0484,0.1889,0.0,0.0,0.0806,0.0,0.076,0.0,0.0,0.0,0.0,0.0,0.0,0.0,0.0,0.0,0.0,0.0,0.0,0.0,0.0,0.0,0.0,0.0,0.076,0.1567,0.0899,0.1313,0.0576,0.0,0.0507,0.0,8186.0,,,39.0,14.0,,,1.0,Orange Technical College-South Campus,135735,0
0.0,0.0,0.0,0.0,0.0,0.0,1.0,0.0,0.0,0.0,0.0,0.0,0.0,0.0,0.0,0.0,0.0,0.0,0.0,0.0,0.0,0.0,0.0,0.0,0.0,0.0,0.0,0.0,0.0,0.0,0.0,0.0,0.0,0.0,0.0,0.0,0.0,7119.0,,,2.0,6.0,,,0.0,Paul Mitchell the School-Jacksonville,136109,0
0.0,0.0,0.0,0.0,0.0,0.0,0.0,0.0,0.0,0.009,0.0,0.0471,0.0,0.0,0.3744,0.0,0.0,0.0,0.0,0.0,0.0,0.0,0.0,0.0,0.0,0.0,0.0561,0.0,0.0,0.0,0.0022,0.0,0.1345,0.0,0.2623,0.1143,0.0,6999.0,5903.0,0.5161,,20.0,3873255.0,4362109.0,1.0,North Florida College,136145,1
0.0,0.0,0.0012,0.0527,0.0,0.0634,0.0,0.0404,0.0407,0.0241,0.0081,0.0,0.0,0.0172,0.0576,0.0,0.0506,0.0087,0.0,0.034,0.0221,0.0035,0.0,0.0049,0.0,0.0922,0.0384,0.0079,0.0378,0.0,0.0,0.0,0.0,0.0297,0.1912,0.1656,0.0079,8135.0,9595.0,0.9828,,19.0,134214881.0,147998667.0,1.0,University of North Florida,136172,1
0.0071,0.0,0.0,0.0091,0.0,0.0197,0.0,0.0343,0.0045,0.0,0.0,0.0161,0.0136,0.002,0.0126,0.0,0.2807,0.0025,0.0,0.0045,0.0328,0.001,0.0,0.005,0.0,0.06,0.0131,0.002,0.0106,0.0,0.0,0.0,0.0,0.0126,0.3664,0.0892,0.0005,18297.0,11462.0,0.482,,16.0,224941000.0,252077000.0,1.0,Nova Southeastern University,136215,1
0.0,0.0,0.0,0.0,0.0,0.0309,0.0108,0.0251,0.0,0.0129,0.0,0.0057,0.0014,0.0,0.4978,0.0,0.0,0.0,0.0,0.0,0.0086,0.0,0.0,0.0,0.0,0.0,0.1114,0.0,0.0,0.0014,0.0108,0.0251,0.0,0.0036,0.1659,0.0884,0.0,7556.0,6280.0,0.3218,,22.0,60824111.0,68141263.0,1.0,Northwest Florida State College,136233,1
0.0,0.0,0.0,0.0,0.0,0.0,0.0,0.0,0.0,0.0,0.0,0.0,0.0,0.0,0.0,0.0,0.0,0.0,0.0,0.0,0.0,0.0,0.0,0.0,0.0,0.0,0.0,0.0,0.0,0.0,0.0,0.0,0.0,0.0159,0.9841,0.0,0.0,4000.0,,,12.0,2.0,,,1.0,Orange Technical College,136303,0
0.0,0.0,0.0,0.0773,0.0,0.0177,0.0,0.0353,0.0,0.0,0.0,0.0022,0.0088,0.0199,0.0375,0.0,0.0596,0.0022,0.0,0.0022,0.0574,0.0044,0.0419,0.0132,0.0,0.0993,0.0,0.0,0.0155,0.0,0.0,0.0,0.0,0.0971,0.1545,0.2406,0.0132,12213.0,9265.0,1.0,,13.0,101717017.0,109770462.0,0.0,Palm Beach Atlantic University,136330,1
0.0029,0.0,0.0,0.0,0.0,0.0396,0.0467,0.0064,0.0,0.0186,0.0,0.0075,0.0035,0.0,0.5114,0.0,0.0,0.0,0.0,0.0,0.0,0.0,0.0,0.0,0.0027,0.0,0.0679,0.0135,0.0,0.0042,0.0148,0.0066,0.0,0.0084,0.1677,0.0765,0.0,4699.0,7015.0,0.3414,,31.0,22961406.0,22628141.0,1.0,Palm Beach State College,136358,1
0.0,0.0,0.0,0.0022,0.006,0.0467,0.0,0.0043,0.0,0.0141,0.0,0.0,0.0049,0.0,0.5095,0.0,0.0,0.0,0.0,0.0,0.0,0.0,0.0,0.0,0.0,0.0,0.0913,0.0,0.0,0.0,0.0,0.0038,0.0005,0.0016,0.1966,0.1184,0.0,5389.0,4014.0,1.0,,22.0,60599833.0,63270645.0,1.0,Pasco-Hernando State College,136400,1
0.0,0.0021,0.0,0.0,0.0,0.0911,0.1107,0.0021,0.0,0.038,0.0,0.0092,0.0025,0.0,0.3471,0.0,0.0,0.0,0.0,0.0038,0.0017,0.0,0.0,0.0,0.0,0.0,0.0092,0.0,0.0,0.005,0.0,0.015,0.0368,0.0008,0.1934,0.1287,0.0,5812.0,5995.0,0.3821,,25.0,15654396.0,16730724.0,1.0,Pensacola State College,136473,1
0.0,0.0,0.0,0.0,0.0,0.1151,0.1565,0.0,0.0,0.0162,0.0,0.196,0.0,0.0,0.0,0.0,0.0,0.0,0.0,0.0,0.0,0.0,0.0,0.0,0.0,0.0,0.0,0.0,0.0,0.0629,0.1709,0.1079,0.0,0.0162,0.1223,0.036,0.0,7815.0,,,25.0,8.0,,,1.0,Pinellas Technical College-Clearwater,136491,0
0.0,0.0,0.0,0.0043,0.0027,0.0286,0.0,0.0216,0.0,0.014,0.0,0.0156,0.0,0.0,0.4283,0.0,0.0,0.0,0.0,0.0,0.0,0.0,0.0,0.0,0.0,0.0,0.1402,0.0,0.0,0.0,0.0,0.0,0.0221,0.0,0.1764,0.1462,0.0,6640.0,7338.0,0.3894,,19.0,31957923.0,35355528.0,1.0,Polk State College,136516,1
0.0,0.0,0.0,0.0,0.0,0.1165,0.034,0.0,0.0,0.1456,0.0,0.0,0.0,0.0,0.0,0.0,0.0,0.0,0.0,0.0,0.0,0.0,0.0,0.0,0.0,0.0,0.0,0.0,0.0,0.1408,0.2524,0.1796,0.0,0.0,0.1311,0.0,0.0,6557.0,,,15.0,17.0,,,1.0,Radford M Locklin Technical College,136659,0
,,,,,,,,,,,,,,,,,,,,,,,,,,,,,,,,,,,,,22052.0,6803.0,0.75,,,36222986.0,39451689.0,0.0,Saint Vincent de Paul Regional Seminary,136701,1
0.0,0.0,0.0,0.0,0.0,0.0158,0.277,0.0,0.0,0.0554,0.0,0.0,0.0,0.0,0.0,0.0,0.0,0.0,0.0,0.0,0.0,0.0,0.0,0.0,0.0,0.0,0.1398,0.0,0.0,0.1161,0.066,0.0686,0.0,0.0,0.2507,0.0106,0.0,4390.0,,,,20.0,,,1.0,Ridge Technical College,136765,0
0.0,0.0,0.0,0.0,0.3592,0.0,0.0,0.0,0.0,0.0,0.0,0.0,0.0,0.0155,0.0,0.0,0.0,0.0,0.0,0.0,0.0,0.0,0.0,0.0,0.0,0.0,0.0,0.0,0.0,0.0,0.0,0.0,0.0,0.6253,0.0,0.0,0.0,20516.0,9869.0,0.7543,,11.0,60957594.0,70500683.0,0.0,Ringling College of Art and Design,136774,1
0.0,0.0,0.0,0.0,0.0226,0.0387,0.2645,0.0,0.0,0.0774,0.0,0.0226,0.0,0.0,0.0,0.0,0.0,0.0,0.0,0.0,0.0,0.0,0.0,0.0,0.0,0.0,0.0,0.0,0.0,0.0032,0.1806,0.0613,0.0,0.029,0.3,0.0,0.0,11997.0,,,20.0,18.0,,,1.0,Robert Morgan Educational Center and Technical College,136826,0
0.0323,0.0,0.0018,0.1185,0.0,0.0341,0.0,0.0359,0.0,0.0,0.0054,0.0,0.0,0.0359,0.0018,0.0,0.0467,0.0108,0.0,0.0036,0.0,0.0144,0.0,0.0108,0.0,0.07,0.0,0.0,0.1311,0.0,0.0,0.0,0.0,0.0844,0.0054,0.3447,0.0126,13624.0,10589.0,0.8165,,12.0,443592000.0,484716000.0,0.0,Rollins College,136950,1
0.0,0.0,0.0,0.0,0.0,0.0,0.2761,0.0,0.0,0.084,0.0,0.0,0.0,0.0,0.0,0.0,0.0,0.0,0.0,0.0,0.0,0.0,0.0,0.0,0.0,0.0,0.25,0.0,0.0,0.0,0.0709,0.056,0.0,0.0,0.2425,0.0,0.0,9386.0,,,16.0,15.0,,,1.0,First Coast Technical College,137023,0
0.0,0.0,0.0,0.0082,0.0,0.0933,0.0,0.0649,0.0045,0.0,0.0,0.0,0.0,0.0052,0.0873,0.0,0.0216,0.0007,0.0,0.0097,0.0149,0.0082,0.0067,0.0,0.0,0.141,0.1843,0.0261,0.0261,0.0,0.0,0.0,0.0,0.0007,0.0216,0.2709,0.0037,4336.0,8688.0,0.1773,,25.0,72926228.0,76085828.0,0.0,Saint Leo University,137032,1
0.0054,0.002,0.0,0.0015,0.0065,0.1382,0.0063,0.0285,0.0,0.0097,0.0,0.0045,0.011,0.0,0.4403,0.0,0.0039,0.0,0.0,0.0015,0.0,0.0,0.0,0.0,0.0024,0.0,0.0623,0.0047,0.0,0.0,0.0,0.0,0.0,0.0067,0.1549,0.0947,0.0,4904.0,8038.0,0.2528,,25.0,34789052.0,37956812.0,1.0,St Petersburg College,137078,1
0.0,0.0,0.0,0.0,0.0059,0.0162,0.1897,0.0,0.0,0.1397,0.0,0.2118,0.0,0.0,0.0,0.0,0.0,0.0,0.0,0.0,0.0,0.0,0.0,0.0,0.0,0.0,0.0279,0.0,0.0,0.0471,0.0574,0.0279,0.0824,0.0088,0.1853,0.0,0.0,6362.0,,,28.0,7.0,,,1.0,Pinellas Technical College-St. Petersburg,137087,0
0.0,0.0,0.0,0.0,0.0,0.0764,0.0,0.0055,0.0,0.0055,0.0,0.0006,0.0046,0.0,0.6289,0.0,0.0012,0.0,0.0,0.0,0.0,0.0,0.0,0.0,0.0009,0.0,0.0144,0.0,0.0,0.0186,0.0024,0.0064,0.0,0.0034,0.181,0.0361,0.0,5501.0,6821.0,0.3309,,18.0,37315756.0,37620846.0,1.0,Santa Fe College,137096,1
0.0,0.0,0.0,0.0,0.0192,0.0288,0.1701,0.0,0.0,0.0357,0.0,0.0,0.0,0.0,0.0,0.0,0.0,0.0,0.0,0.0,0.0,0.0,0.0,0.0,0.0,0.0,0.2209,0.0,0.0,0.0878,0.0617,0.0014,0.0,0.0,0.3567,0.0178,0.0,9394.0,,,30.0,6.0,,,1.0,Suncoast Technical College,137120,0
0.0,0.0,0.0,0.0106,0.0044,0.0644,0.0002,0.012,0.0,0.0872,0.0,0.0047,0.0026,0.0,0.3256,0.0,0.0,0.0,0.0,0.0,0.0,0.0,0.0,0.0,0.0615,0.0,0.0522,0.0,0.0,0.0089,0.0066,0.0009,0.0,0.0248,0.1554,0.1782,0.0,5460.0,7222.0,0.3339,,29.0,13629161.0,15401232.0,1.0,Seminole State College of Florida,137209,1
0.0,0.0,0.0,0.0,0.0,0.0727,0.2628,0.0,0.0,0.051,0.0,0.0673,0.0098,0.0,0.0,0.0,0.0,0.0,0.0,0.0,0.0,0.0,0.0,0.0,0.0,0.0,0.0,0.0,0.0,0.0304,0.0847,0.0,0.177,0.0,0.2215,0.0228,0.0,7756.0,,,35.0,15.0,,,1.0,Sheridan Technical College,137245,0
0.0,0.0,0.0,0.0,0.0,0.0,0.0,0.0,0.0,0.0,0.0,0.0,0.0,0.0,0.0,0.0,0.0,0.0,0.0,0.0,0.0,1.0,0.0,0.0,0.0,0.0,0.0,0.0,0.0,0.0,0.0,0.0,0.0,0.0,0.0,0.0,0.0,29058.0,3586.0,0.4516,,4.0,10926801.0,11010237.0,0.0,St. John Vianney College Seminary,137272,1
0.0,0.0,0.0,0.0,0.0,0.0149,0.0,0.0232,0.0,0.0133,0.0,0.0,0.0,0.0,0.5527,0.0,0.0,0.0,0.0,0.0,0.0,0.0,0.0,0.0,0.0,0.0,0.0747,0.0,0.0,0.0,0.0,0.0,0.0,0.0066,0.2174,0.0971,0.0,4989.0,6135.0,0.9348,,19.0,3389842.0,3411111.0,1.0,Saint Johns River State College,137281,1
0.0,0.0,0.0,0.0,0.0,0.0102,0.0233,0.0145,0.0,0.0305,0.0,0.0,0.0,0.0,0.375,0.0,0.0,0.0,0.0,0.0,0.0,0.0,0.0,0.0,0.0,0.0,0.0858,0.0,0.0,0.0291,0.0131,0.0015,0.0,0.0,0.3401,0.077,0.0,9471.0,6274.0,0.3086,,16.0,14728684.0,17896680.0,1.0,South Florida State College,137315,1
0.0154,0.0,0.0004,0.0487,0.0,0.0582,0.0,0.0287,0.0534,0.0,0.0048,0.0,0.0,0.0146,0.0404,0.0,0.1195,0.0071,0.0,0.0018,0.0,0.0022,0.0,0.014,0.0,0.0885,0.0,0.0142,0.1143,0.0,0.0,0.0,0.0,0.0207,0.1731,0.1691,0.011,13361.0,11342.0,0.7308,,22.0,637874759.0,708333328.0,1.0,University of South Florida,137351,1
0.0,0.0,0.0,0.0084,0.0,0.023,0.0,0.0042,0.0,0.0,0.0,0.0,0.0,0.0042,0.0,0.0,0.0293,0.0105,0.0,0.0105,0.0042,0.0042,0.0021,0.0042,0.0,0.0293,0.0669,0.0,0.0188,0.0,0.0,0.0,0.0,0.0,0.4561,0.3243,0.0,5550.0,8625.0,1.0,,17.0,37800542.0,42969520.0,0.0,St. Thomas University,137476,1
0.0313,0.0,0.0066,0.0559,0.0,0.0411,0.0,0.0345,0.0,0.0,0.0099,0.0,0.0,0.0197,0.0,0.0,0.0691,0.0082,0.0,0.0,0.0,0.0099,0.0,0.0099,0.0,0.0938,0.0,0.0,0.1086,0.0,0.0,0.0,0.0,0.1003,0.102,0.2796,0.0181,14922.0,11041.0,0.6604,,10.0,363648117.0,390513055.0,1.0,Stetson University,137546,1
0.0,0.0,0.0,0.0564,0.0,0.0,0.0,0.0487,0.0,0.0,0.0,0.0,0.0051,0.0077,0.1016,0.0,0.0188,0.0026,0.0,0.0128,0.0521,0.0,0.3083,0.0,0.0,0.0863,0.0205,0.0333,0.006,0.0,0.0,0.0,0.0034,0.0376,0.0427,0.1563,0.0,3698.0,7041.0,1.0,,19.0,9770732.0,10946366.0,0.0,Southeastern University,137564,1
0.0,0.0,0.0,0.0,0.0,0.0,0.9134,0.0,0.0,0.0,0.0,0.0,0.0,0.0,0.0,0.0,0.0,0.0,0.0,0.0,0.0,0.0,0.0,0.0,0.0,0.0,0.0,0.0,0.0,0.0,0.0,0.0,0.0,0.0,0.0866,0.0,0.0,7919.0,,,8.0,9.0,,,0.0,Bene's Career Academy,137591,0
0.0,0.0,0.0,0.0,0.0,0.0687,0.2443,0.0,0.0,0.0382,0.0,0.0,0.0,0.0,0.0,0.0,0.0,0.0,0.0,0.0,0.0,0.0,0.0,0.0,0.0,0.0,0.0,0.0,0.0,0.0382,0.0305,0.1603,0.0,0.0,0.4198,0.0,0.0,9384.0,,,17.0,8.0,,,1.0,Riveroak Technical College,137713,0
0.0,0.0,0.0,0.0,0.0,0.0355,0.0,0.0107,0.0,0.0095,0.0,0.0358,0.0063,0.0,0.6588,0.0,0.0,0.0,0.0,0.0,0.0009,0.0,0.0,0.0,0.0,0.0,0.0956,0.0,0.0,0.0,0.0,0.0051,0.008,0.0,0.1105,0.0232,0.0,5224.0,5811.0,0.2995,,25.0,15799793.0,18890072.0,1.0,Tallahassee State College,137759,1
0.0,0.0,0.0,0.0,0.0,0.0,0.0,0.0,0.0,0.0,0.0,0.0,0.0,0.0,0.0,0.0,0.0,0.0,0.0,0.0,0.0,1.0,0.0,0.0,0.0,0.0,0.0,0.0,0.0,0.0,0.0,0.0,0.0,0.0,0.0,0.0,0.0,55953.0,4465.0,0.5833,,4.0,,,0.0,Talmudic College of Florida,137777,0
0.0118,0.0,0.0,0.094,0.0005,0.0323,0.0,0.0241,0.0,0.0,0.0014,0.0,0.0,0.0082,0.0032,0.0,0.0841,0.0041,0.0,0.0041,0.0373,0.0014,0.0,0.0059,0.0,0.0541,0.0055,0.0,0.095,0.0,0.0,0.0,0.0,0.0527,0.1249,0.3489,0.0068,8718.0,10846.0,1.0,,17.0,62287141.0,77125061.0,0.0,The University of Tampa,137847,1
0.0,0.0,0.0,0.0,0.0,0.0,0.0,0.0,0.0,0.2019,0.0,0.0,0.0,0.0,0.0,0.0,0.0,0.0,0.0,0.0,0.0,0.0,0.0,0.0,0.0,0.0,0.0,0.0,0.0,0.0,0.1923,0.25,0.0,0.0,0.3558,0.0,0.0,10353.0,,,13.0,15.0,,,1.0,Big Bend Technical College,137856,0
0.0,0.0,0.0,0.0,0.0,0.094,0.1203,0.0,0.0,0.1353,0.0,0.0,0.0,0.0,0.0,0.0,0.0,0.0,0.0,0.0,0.0,0.0,0.0,0.0,0.0,0.0,0.0,0.0,0.0,0.0602,0.218,0.1353,0.0,0.0,0.2368,0.0,0.0,4899.0,,,19.0,16.0,,,1.0,Tom P. Haney Technical College,137865,0
0.0,0.0,0.0,0.0,0.0,0.0,0.0,0.1067,0.0,0.0,0.0,0.0,0.0,0.0,0.0133,0.0,0.0,0.0,0.0,0.24,0.0,0.0,0.44,0.0,0.0,0.0,0.0533,0.0,0.0,0.0,0.0,0.0,0.0,0.0,0.0,0.1467,0.0,2321.0,5460.0,0.2059,,11.0,102078.0,113952.0,0.0,Trinity Baptist College,137953,1
0.0,0.0,0.0,0.0,0.0,0.0,0.0,0.0,0.0,0.0,0.0,0.0,0.0,0.0,0.375,0.0,0.0,0.0,0.0,0.0,0.0,0.0,0.3125,0.0,0.0,0.2708,0.0,0.0,0.0,0.0,0.0,0.0,0.0,0.0,0.0,0.0417,0.0,4599.0,5600.0,0.3478,,12.0,590400.0,956171.0,0.0,Trinity College of Florida,137962,1
0.0,0.0,0.0,0.0025,0.0112,0.0958,0.0247,0.0026,0.0,0.0259,0.0,0.0,0.0023,0.0,0.3788,0.0,0.0,0.0,0.0,0.0,0.0,0.0,0.0,0.0,0.0033,0.0,0.0325,0.0,0.0,0.0,0.0,0.0,0.0,0.0103,0.058,0.3461,0.0,4131.0,7578.0,0.288,,27.0,83702462.0,92637713.0,1.0,Valencia College,138187,1
0.0,0.0,0.0,0.024,0.0,0.0,0.0,0.1018,0.0,0.0,0.0,0.0,0.0,0.006,0.1677,0.0,0.018,0.0,0.0,0.0,0.1557,0.0,0.0299,0.0,0.0,0.0479,0.0419,0.0359,0.0,0.0,0.0,0.0,0.0,0.0,0.0,0.2994,0.006,5418.0,5033.0,0.3364,,13.0,6803290.0,3585301.0,0.0,Warner University,138275,1
0.0,0.0,0.0,0.0087,0.0087,0.0609,0.0913,0.0,0.0,0.0304,0.0,0.0,0.0,0.0,0.0,0.0,0.0,0.0,0.0,0.0,0.0,0.0,0.0,0.0,0.0,0.0,0.3913,0.0,0.0,0.0304,0.0217,0.0435,0.0826,0.0043,0.2261,0.0,0.0,9880.0,,,29.0,10.0,,,1.0,Florida Panhandle Technical College,138284,0
0.0,0.0,0.0,0.0769,0.0,0.0559,0.0,0.014,0.0,0.0,0.0,0.0,0.0,0.0,0.0,0.0,0.0,0.0,0.0,0.0,0.2797,0.0,0.0,0.0,0.0,0.0559,0.1119,0.0,0.0,0.0,0.0,0.0,0.0,0.0,0.049,0.3566,0.0,3881.0,5063.0,0.2784,,17.0,6686291.0,7426153.0,0.0,Webber International University,138293,1
0.0,0.0,0.0,0.0,0.0,0.035,0.0,0.1606,0.0027,0.0,0.0,0.0,0.0081,0.0,0.0,0.0,0.0,0.0,0.0,0.0,0.0,0.0,0.0,0.0,0.0,0.0,0.0119,0.0289,0.0,0.0,0.0,0.0,0.0,0.0258,0.6003,0.1267,0.0,3342.0,6913.0,0.1895,,10.0,,,1.0,Rasmussen University-Florida,138309,0
0.011,0.0,0.0,0.0322,0.0,0.0447,0.0,0.0337,0.0359,0.0135,0.0,0.0,0.0161,0.0187,0.1992,0.0,0.052,0.0037,0.0,0.0154,0.0443,0.0011,0.0,0.0103,0.0,0.0677,0.0304,0.0172,0.0286,0.0,0.0,0.0,0.0,0.0286,0.1813,0.1044,0.0103,6911.0,10653.0,1.0,,22.0,92870276.0,108127993.0,1.0,University of West Florida,138354,1
0.0,0.0,0.0,0.0,0.0,0.0,0.5816,0.0,0.0,0.0753,0.0,0.0,0.0,0.0,0.0,0.0,0.0,0.0,0.0,0.0,0.0,0.0,0.0,0.0,0.0,0.0,0.0,0.0,0.0,0.1046,0.0042,0.0669,0.0,0.0,0.046,0.0,0.0,5641.0,,,14.0,19.0,,,1.0,Orange Technical College-West Campus,138372,0
0.0,0.0,0.0,0.0419,0.0271,0.1256,0.0961,0.0074,0.0,0.0172,0.0,0.0074,0.0,0.0,0.0,0.0,0.0,0.0,0.0,0.0,0.0,0.0,0.0,0.0,0.0,0.0,0.2315,0.0,0.0,0.0,0.0764,0.0616,0.0,0.0567,0.2266,0.0246,0.0,5972.0,,,35.0,15.0,,,1.0,William T McFatter Technical College,138479,0
0.0,0.0,0.0,0.075,0.0,0.2188,0.075,0.0,0.0,0.0,0.0,0.0,0.0,0.0,0.0,0.0,0.0,0.0,0.0,0.0,0.0,0.0,0.0,0.0,0.0,0.0,0.0,0.0,0.0,0.1938,0.0,0.0,0.0,0.0688,0.2563,0.1125,0.0,4858.0,,,20.0,29.0,,,1.0,Orange Technical College-East Campus,138488,0
0.0,0.0,0.0,0.0,0.0,0.125,0.0976,0.0,0.0,0.1159,0.0,0.0,0.0,0.0,0.0,0.0,0.0,0.0,0.0,0.0,0.0,0.0,0.0,0.0,0.0,0.0,0.4055,0.0,0.0,0.0427,0.0274,0.1037,0.0,0.0,0.0823,0.0,0.0,8810.0,,,16.0,8.0,,,1.0,Withlacoochee Technical College,138497,0
0.0,0.0,0.0,0.0,0.0,0.0,1.0,0.0,0.0,0.0,0.0,0.0,0.0,0.0,0.0,0.0,0.0,0.0,0.0,0.0,0.0,0.0,0.0,0.0,0.0,0.0,0.0,0.0,0.0,0.0,0.0,0.0,0.0,0.0,0.0,0.0,0.0,12091.0,,,9.0,14.0,,,0.0,Robert Fiance Beauty Schools,186274,0
0.0,0.0,0.0,0.0,0.0,0.0,0.0,0.0,0.0,0.0,0.0,0.0,0.0,0.0,0.0,0.0,0.0,0.0,0.0,0.0,0.0,0.0,0.0,0.0,0.0,0.0,0.0,0.0,0.0,0.0,0.0,0.0,0.0,0.0,0.8469,0.0,0.0,2195.0,5921.0,,,15.0,,,1.0,City College-Hollywood,244233,0
0.0,0.0,0.0,0.0,0.0,0.0,0.4286,0.0,0.0,0.0,0.0,0.0,0.0,0.0,0.0,0.0,0.0,0.0,0.0,0.0,0.0,0.0,0.0,0.0,0.0,0.0,0.0,0.0,0.0,0.0,0.0,0.0,0.0,0.0,0.5714,0.0,0.0,7545.0,3813.0,,7.0,15.0,,,1.0,Meridian College,244279,0
0.0652,0.0,0.0,0.0,0.0,0.0,0.0,0.0,0.0,0.0,0.058,0.0,0.0,0.0,0.4638,0.0,0.0,0.0,0.0,0.413,0.0,0.0,0.0,0.0,0.0,0.0,0.0,0.0,0.0,0.0,0.0,0.0,0.0,0.0,0.0,0.0,0.0,21232.0,10340.0,0.844,,8.0,48064213.0,48987288.0,0.0,New College of Florida,262129,1
0.0,0.0,0.0,0.0,0.0,0.0,0.9645,0.0,0.0,0.0,0.0,0.0,0.0,0.0,0.0,0.0,0.0,0.0,0.0,0.0,0.0,0.0,0.0,0.0,0.0,0.0,0.0,0.0,0.0,0.0,0.0,0.0,0.0,0.0,0.0355,0.0,0.0,5689.0,,,5.0,12.0,,,0.0,Aveda Institute-Fort Myers,362700,0
0.0,0.0,0.0,0.0,0.0,0.0,0.0,0.0,0.0,0.0,0.0,0.0,0.0,0.0,0.0,0.0,0.0,0.0,0.0,0.0,0.0,0.0,0.0,0.0,0.0,0.0,0.0,0.0,0.0,0.0,0.0,0.0,0.0,0.0,0.0,0.0,0.0,7534.0,3599.0,,,12.0,,,0.0,Yeshivah Gedolah Rabbinical College,363712,0
0.0,0.0,0.0,0.0,0.0,0.0,0.0,0.0,0.0,0.0,0.0,0.0,0.0,0.0,0.0,0.0,0.0,0.0,0.0,0.0,0.0,0.0,0.3421,0.0,0.0,0.2105,0.0,0.0,0.0,0.0,0.0,0.0,0.0,0.0,0.0,0.4474,0.0,7128.0,4103.0,0.6154,,18.0,,,0.0,South Florida Bible College and Theological Seminary,366003,0
0.0,0.0,0.0,0.0,0.0,0.0,0.0,0.0,0.2988,0.0,0.0,0.0,0.0,0.0,0.0,0.0,0.0,0.0,0.0,0.0,0.0,0.0,0.0,0.0,0.0,0.0,0.0,0.0,0.0,0.0,0.0,0.0,0.0,0.0,0.6127,0.0,0.0,5812.0,5616.0,0.5,,20.0,,,1.0,Southern Technical College,366553,0
0.0,0.0,0.0,0.0,0.0,0.0205,0.0,0.0,0.0,0.0,0.0,0.6598,0.0,0.0,0.0,0.0,0.0,0.0,0.0,0.0,0.0,0.0,0.0,0.0,0.0,0.0,0.0,0.0,0.0,0.0,0.209,0.0,0.0,0.0,0.1025,0.0082,0.0,2884.0,,,6.0,15.0,,,1.0,H W Brewster Technical College,367875,0
0.0,0.0,0.0,0.0,0.0,0.0,0.0,0.0,0.0,0.0,0.0,0.0,0.0,0.0,0.0,0.0,0.0,0.0,0.0,0.0,0.0,0.0,0.0,0.0,0.0,0.0,0.0,0.0,0.0,0.0,1.0,0.0,0.0,0.0,0.0,0.0,0.0,3356.0,5963.0,,18.0,15.0,,,0.0,Universal Technical Institute-Orlando,369400,0
0.0,0.0,0.0,0.0,0.0,0.1124,0.2219,0.0,0.0,0.0197,0.0,0.0,0.0,0.0,0.0,0.0,0.0,0.0,0.0,0.0,0.0,0.0,0.0,0.0,0.0,0.0,0.0,0.0,0.0,0.1545,0.1152,0.0646,0.0,0.0,0.2865,0.0253,0.0,1446.0,,,23.0,20.0,,,1.0,Erwin Technical College,369419,0
0.0,0.0,0.0,0.0,0.0,0.0,0.8116,0.0,0.0,0.0,0.0,0.0,0.0,0.0,0.0,0.0,0.0,0.0,0.0,0.0,0.0,0.0,0.0,0.0,0.0,0.0,0.0,0.0,0.0,0.0,0.0,0.0,0.0,0.0,0.1884,0.0,0.0,3631.0,,,9.0,7.0,,,0.0,Academy of Cosmetology,372462,0
0.0,0.0,0.0,0.0,0.0,0.0,0.8813,0.0,0.0,0.0,0.0,0.0,0.0,0.0,0.0,0.0,0.0,0.0,0.0,0.0,0.0,0.0,0.0,0.0,0.0,0.0,0.0,0.0,0.0,0.0,0.0,0.0,0.0,0.0,0.1187,0.0,0.0,4084.0,,,7.0,15.0,,,0.0,Artistic Nails and Beauty Academy-Tampa,378886,0
0.0,0.0,0.0,0.0,0.0,0.0,0.0,0.0,0.0,0.0,0.0,0.0,0.0,0.0,0.0,0.0,0.0,0.0,0.0,0.0,0.0,0.0,0.0,0.0,0.0,0.0,0.0,0.0,0.0,0.0,1.0,0.0,0.0,0.0,0.0,0.0,0.0,3213.0,,,3.0,17.0,,,1.0,National Aviation Academy of Tampa Bay,378956,0
0.0,0.0,0.0,0.0,0.0,0.0,0.9593,0.0,0.0,0.0,0.0,0.0,0.0,0.0,0.0,0.0,0.0,0.0,0.0,0.0,0.0,0.0,0.0,0.0,0.0,0.0,0.0,0.0,0.0,0.0,0.0,0.0,0.0,0.0,0.0407,0.0,0.0,6746.0,,,6.0,20.0,,,0.0,La Belle Beauty Academy,383163,0
0.0,0.0,0.0,0.0,0.0,0.25,0.0,0.0,0.0,0.0,0.0,0.0,0.0,0.0,0.0417,0.0,0.0,0.0,0.0,0.1583,0.0,0.0,0.0,0.0,0.0,0.075,0.0,0.15,0.0,0.0,0.0,0.0,0.0,0.0417,0.0,0.2833,0.0,9122.0,6234.0,1.0,,12.0,1863582.0,2278773.0,0.0,Beacon College,384254,1
0.0,0.0,0.0,0.0,0.0,0.0,1.0,0.0,0.0,0.0,0.0,0.0,0.0,0.0,0.0,0.0,0.0,0.0,0.0,0.0,0.0,0.0,0.0,0.0,0.0,0.0,0.0,0.0,0.0,0.0,0.0,0.0,0.0,0.0,0.0,0.0,0.0,5928.0,,,6.0,10.0,,,0.0,The Salon Professional Academy-Melbourne,385132,0
0.0778,0.0,0.0,0.0,0.0,0.0,0.0,0.0,0.0,0.0361,0.0,0.0,0.0,0.0,0.0,0.0,0.0,0.0,0.0,0.0,0.0,0.0,0.0,0.0,0.0,0.0,0.0167,0.0,0.0,0.0,0.0,0.0,0.1833,0.0,0.2944,0.3917,0.0,5573.0,5277.0,0.2671,,17.0,,,0.0,Everglades University,385619,0
0.0,0.0,0.0,0.0,0.0,0.0242,0.0,0.0,0.0,0.0,0.0,0.0,0.0061,0.0,0.0212,0.0,0.0,0.0,0.0,0.0,0.0,0.0,0.0,0.0,0.0,0.0,0.0,0.0,0.0,0.0,0.0,0.0,0.0,0.0,0.9273,0.0212,0.0,5219.0,7718.0,0.2069,,16.0,,,0.0,Herzing University-Orlando,386472,0
0.0,0.0,0.0,0.0,0.0,0.0,0.5614,0.0,0.0,0.0,0.0,0.0,0.0,0.0,0.0,0.0,0.0,0.0,0.0,0.0,0.0,0.0,0.0,0.0,0.0,0.0,0.0,0.0,0.0,0.0,0.0,0.0,0.0,0.0,0.4386,0.0,0.0,1891.0,,,4.0,,,,0.0,Cortiva Institute,387925,0
0.0,0.0,0.0,0.0,0.0,0.0,0.0,0.0,0.0,0.0,0.0,0.0,0.0,0.0,0.0,0.0,0.0,0.0,0.0,0.0,0.0,0.0,0.0,0.0,0.0,0.0,0.0,0.0,0.0,0.0,0.0,0.0,0.0,0.0,0.0,1.0,0.0,3747.0,4167.0,0.36,,10.0,,,0.0,Schiller International University,404338,0
0.0,0.0,0.0,0.0,0.0,0.0,0.0,0.0,0.0,0.0,0.0,0.0,0.0,0.0,0.0,0.0,0.0,0.0,0.0,0.0,0.0,0.0,0.0,0.0,0.0,0.0,0.0,0.0,0.0,0.0,0.0,0.0,0.0,0.0,1.0,0.0,0.0,8005.0,6712.0,0.5938,,12.0,,,1.0,Galen College of Nursing-Tampa Bay,406024,0
0.0,0.0,0.0,0.0,0.0,0.0,0.0,0.0,0.0,0.0,0.0,0.0,0.0,0.0,0.0,0.0,0.0,0.0,0.0,0.0,0.0,0.0,0.0,0.0,0.0,0.0,0.0,0.0,0.0,0.0,0.0,0.0,0.0,0.0,1.0,0.0,0.0,3907.0,,,1.0,9.0,,,0.0,Sarasota School of Massage Therapy,406149,0
0.0,0.0,0.0,0.0,0.0,0.0381,0.0,0.0063,0.0,0.0,0.0,0.0,0.0159,0.0,0.0302,0.0,0.0,0.0,0.0,0.0,0.0,0.0,0.0,0.0,0.0,0.1016,0.0333,0.0,0.0,0.0,0.0,0.0,0.0,0.0,0.6095,0.1651,0.0,2747.0,4619.0,0.3814,,20.0,,,0.0,Florida National University-Main Campus,408844,0
0.0,0.0,0.0,0.0,0.0,0.0,1.0,0.0,0.0,0.0,0.0,0.0,0.0,0.0,0.0,0.0,0.0,0.0,0.0,0.0,0.0,0.0,0.0,0.0,0.0,0.0,0.0,0.0,0.0,0.0,0.0,0.0,0.0,0.0,0.0,0.0,0.0,1086.0,,,3.0,1.0,,,0.0,Nouvelle Institute,409032,0
0.0,0.0,0.0,0.0,0.0,0.0,0.0,0.0,0.0,0.0,0.0,0.0,0.0,0.0,0.0,0.0,0.0,0.0,0.0,0.0,0.0,0.0,0.0,0.0,0.0,0.0,0.0,0.0,0.0,0.0,0.0,0.0,0.0,0.0,1.0,0.0,0.0,7204.0,8372.0,0.625,3.0,28.0,,,1.0,Academy for Nursing and Health Occupations,412173,0
0.0,0.0,0.0,0.0,0.0,0.0,0.0,0.0,0.0,0.0,0.0,0.0,0.0,0.0,0.0,0.0,0.0,0.0,0.0,0.0,0.0,0.0,0.0,0.0,0.0,0.0,0.0,0.0,0.0,0.0,0.0,0.0,0.0,0.0,1.0,0.0,0.0,4972.0,6949.0,,,15.0,,,0.0,City College-Altamonte Springs,417327,0
0.0,0.0,0.0,0.0,0.0,0.0,0.0,0.0,0.0,0.0,0.0,0.0,0.0,0.0,0.0,0.0,0.0,0.0,0.0,0.0,0.0,0.0,0.0,0.0,0.0,0.0,0.0,0.0,0.0,0.0,0.0,0.0,0.0,0.0,1.0,0.0,0.0,12841.0,,,1.0,8.0,,,0.0,HCA Florida Mercy Hospital School of Practical Nursing,419217,0
0.0,0.0,0.0,0.0,0.0,0.0197,0.1957,0.0,0.0,0.0251,0.0,0.0,0.0,0.0,0.0,0.0,0.0,0.0,0.0,0.0,0.0,0.0,0.0,0.0,0.0,0.0,0.2101,0.0,0.0,0.0215,0.0269,0.0969,0.1185,0.0,0.2765,0.009,0.0,11600.0,,,22.0,9.0,,,1.0,Marion Technical College,419226,0
0.0,0.0,0.0,0.0,0.0,0.0,0.0,0.0,0.0,0.0,0.0,0.0,0.0,0.0,0.0,0.0,0.0,0.0,0.0,0.0,0.0,0.0,0.0,0.0,0.0,0.0,0.0,0.0,0.0,0.0,0.0,0.0,0.0,0.0,1.0,0.0,0.0,10388.0,4942.0,0.2278,4.0,25.0,,,0.0,Compu-Med Vocational Careers Corp,423120,0
0.0,0.0,0.0,0.0018,0.0,0.0,0.0,0.0,0.0468,0.0212,0.0,0.0,0.0,0.0,0.0,0.0,0.0,0.0,0.0,0.0158,0.0,0.0,0.0,0.0,0.0,0.0,0.0144,0.0,0.0,0.0,0.1702,0.0,0.5313,0.0,0.0,0.1986,0.0,5693.0,9064.0,0.2097,,23.0,6465000.0,7350000.0,1.0,Embry-Riddle Aeronautical University-Worldwide,426314,1
0.0,0.0,0.0,0.0,0.0277,0.0554,0.0554,0.0,0.0,0.1231,0.0,0.0,0.0,0.0,0.0,0.0,0.0,0.0,0.0,0.0,0.0,0.0,0.0,0.0,0.0,0.0,0.1138,0.0,0.0,0.0308,0.1077,0.0523,0.0,0.0,0.3815,0.0523,0.0,6039.0,,,22.0,10.0,,,1.0,Osceola Technical College,427991,0
0.0,0.0,0.0,0.0,0.0,0.0,0.0,0.0,0.0,0.0,0.0,0.0,0.0,0.0,0.0,0.0,0.0,0.0,0.0,0.0,0.0,0.0,0.0,0.0,0.0,0.0,0.0,0.0,0.0,0.0,0.0,0.0,0.0,1.0,0.0,0.0,0.0,11297.0,,,,8.0,,,0.0,Miami Ad School,428000,0
0.0,0.0,0.0,0.0,0.0,0.0,0.0,0.0,0.0,0.0,0.0,0.0,0.0,0.0,0.0,0.0,0.0,0.0,0.0,0.0,0.0,0.0,0.0,0.0,0.0,0.0,0.0,0.0,0.0,0.0,0.0,0.0,0.0,0.0,0.9967,0.0033,0.0,6006.0,6430.0,0.4175,,12.0,,,1.0,Southeastern College-West Palm Beach,428170,0
0.0,0.0,0.0,0.0,0.0,0.0,0.2373,0.0,0.0,0.0,0.0,0.0,0.0,0.0,0.0,0.0,0.0,0.0,0.0,0.0,0.0,0.0,0.0,0.0,0.0,0.0,0.0,0.0,0.0,0.0,0.0,0.0,0.0,0.0,0.7627,0.0,0.0,4701.0,,,3.0,46.0,,,0.0,Praxis Institute,430582,0
0.0,0.0,0.0,0.0,0.0426,0.1016,0.1836,0.0,0.0,0.0295,0.0,0.0,0.0,0.0,0.0,0.0,0.0,0.0,0.0,0.0,0.0,0.0,0.0,0.0,0.0,0.0,0.0,0.0,0.0,0.0,0.0,0.0,0.0,0.0,0.5213,0.0,0.0,9224.0,,,15.0,15.0,,,1.0,Cape Coral Technical College,431558,0
0.0,0.0,0.0,0.0,0.0,0.1564,0.2058,0.0,0.0,0.2181,0.0,0.0,0.0,0.0,0.0,0.0,0.0,0.0,0.0,0.0,0.0,0.0,0.0,0.0,0.0,0.0,0.0,0.0,0.0,0.1193,0.1276,0.037,0.0,0.0,0.1358,0.0,0.0,7142.0,,,14.0,11.0,,,1.0,Okaloosa Technical College,433068,0
0.0264,0.0,0.0,0.0512,0.0,0.0061,0.0,0.0433,0.0421,0.013,0.0,0.0,0.0203,0.0121,0.1009,0.0,0.0454,0.0055,0.0,0.0809,0.0167,0.003,0.0,0.0033,0.0,0.0891,0.0606,0.0139,0.0251,0.0,0.0,0.0,0.0,0.0318,0.1021,0.2005,0.0067,7517.0,9789.0,0.6719,,20.0,95628690.0,103836772.0,1.0,Florida Gulf Coast University,433660,1
,,,,,,,,,,,,,,,,,,,,,,,,,,,,,,,,,,,,,3133.0,4348.0,,,,,,0.0,Florida College of Integrative Medicine,434441,0
0.0,0.0,0.0,0.0,0.0,0.0,0.0,0.0,0.0,0.0,0.0,0.0,0.0,0.0,0.0,0.0,0.0,0.0,0.0,0.0,0.0,0.0,0.0,0.0,0.0,0.0,0.0,0.0,0.0,0.0,0.0,0.0,0.0,0.0,0.9757,0.0243,0.0,944.0,,0.1379,18.0,20.0,,,0.0,New Professions Technical Institute,434469,0
0.0,0.0,0.0,0.0,0.0,0.0,0.804,0.0,0.0,0.0,0.0,0.0,0.0,0.0,0.0,0.0,0.0,0.0,0.0,0.0,0.0,0.0,0.0,0.0,0.0,0.0,0.0,0.0,0.0,0.0,0.0,0.0,0.0,0.0,0.196,0.0,0.0,4713.0,,,4.0,20.0,,,0.0,Cortiva Institute,438285,0
,,,,,,,,,,,,,,,,,,,,,,,,,,,,,,,,,,,,,2160.0,6667.0,,,,,,0.0,East West College of Natural Medicine,439394,0
0.0,0.0,0.0,0.0,0.0,0.0,0.0,0.0,0.0,0.0,0.0,0.0,0.0,0.0,0.0,0.0,0.0,0.0,0.0,0.0,0.0,0.0,0.0,0.0,0.0,0.0,0.0,0.0,0.0,0.0,0.0,0.0,0.0,0.0,1.0,0.0,0.0,14546.0,4216.0,,,,,,0.0,Atlantic Institute of Oriental Medicine,439446,0
0.0,0.0,0.0,0.0,0.0,0.0,0.8333,0.0,0.0,0.0,0.0,0.0,0.0,0.0,0.0,0.0,0.0,0.0,0.0,0.0,0.0,0.0,0.0,0.0,0.0,0.0,0.0,0.0,0.0,0.0,0.0,0.0,0.0,0.0,0.1667,0.0,0.0,7498.0,,,6.0,18.0,,,0.0,New Concept Massage and Beauty School,439774,0
0.0,0.0,0.0,0.0,0.0,0.0,0.0,0.0,0.0,0.0,0.0,0.0,0.0,0.0,0.0,0.0,0.0,0.0,0.0,0.0,0.0,0.0,0.0,0.0,0.0,0.0,0.0,0.0,0.0,0.0,0.0,0.0,0.0,0.0,1.0,0.0,0.0,5190.0,6042.0,0.3182,,33.0,,,0.0,Fortis College-Orange Park,439792,0
0.0,0.0,0.0,0.0,0.0,0.0,0.0,0.0,0.0,0.0,0.0,0.0,0.0,0.0,0.0,0.0,0.0,0.0,0.0,0.0,0.0,0.0,0.0,0.0,0.0,0.0,0.0,0.0599,0.0,0.0,0.0,0.0,0.0,0.0,0.9293,0.0107,0.0,1399.0,5294.0,1.0,19.0,20.0,,,1.0,Ultimate Medical Academy,441371,0
0.0,0.0,0.0,0.0,0.0,0.0,1.0,0.0,0.0,0.0,0.0,0.0,0.0,0.0,0.0,0.0,0.0,0.0,0.0,0.0,0.0,0.0,0.0,0.0,0.0,0.0,0.0,0.0,0.0,0.0,0.0,0.0,0.0,0.0,0.0,0.0,0.0,2458.0,,,6.0,25.0,,,0.0,Florida Barber Academy,441380,0
0.0,0.0,0.0,0.0,0.0575,0.0172,0.6552,0.0,0.0,0.0805,0.0,0.1897,0.0,0.0,0.0,0.0,0.0,0.0,0.0,0.0,0.0,0.0,0.0,0.0,0.0,0.0,0.0,0.0,0.0,0.0,0.0,0.0,0.0,0.0,0.0,0.0,0.0,31831.0,,,9.0,20.0,,,0.0,M-DCPS The English Center,441414,0
0.0,0.0,0.0,0.0,0.0,0.0,0.1448,0.0,0.0,0.0,0.0,0.0,0.0,0.0,0.0,0.0,0.0,0.0,0.0,0.0,0.0,0.0,0.0,0.0,0.0,0.0,0.0,0.0,0.0,0.0,0.1528,0.0,0.0,0.0,0.6131,0.0893,0.0,2351.0,5789.0,0.5532,11.0,21.0,,,0.0,Florida Education Institute,441423,0
,,,,,,,,,,,,,,,,,,,,,,,,,,,,,,,,,,,,,14158.0,9811.0,1.0,,,2183851.0,2856824.0,0.0,Ave Maria School of Law,442295,1
0.0,0.0,0.0,0.0,0.0,0.0,0.0,0.0,0.0,0.0,0.0,0.0,0.0,0.0,0.0,0.0,0.0,0.0,0.0,0.0,0.0,0.0,0.0,0.0,0.0,0.0,0.0,0.0,0.0,0.0,0.0,1.0,0.0,0.0,0.0,0.0,0.0,1969.0,,,2.0,30.0,,,1.0,Tulsa Welding School-Jacksonville,442329,0
0.0,0.0,0.0,0.0,0.0,0.0,0.9171,0.0,0.0,0.0,0.0,0.0,0.0,0.0,0.0,0.0,0.0,0.0,0.0,0.0,0.0,0.0,0.0,0.0,0.0,0.0,0.0,0.0,0.0,0.0,0.0,0.0,0.0,0.0,0.0829,0.0,0.0,4242.0,,,7.0,20.0,,,0.0,Hollywood Institute,443234,0
0.0,0.0,0.0,0.0,0.0,0.086,0.0,0.0,0.0,0.2342,0.0,0.0,0.0,0.0,0.0,0.0,0.0,0.0,0.0,0.0,0.0,0.0,0.0,0.0,0.0,0.0,0.0,0.0,0.0,0.062,0.1385,0.0,0.0,0.0,0.4792,0.0,0.0,1688.0,,,8.0,45.0,,,0.0,South Florida Institute of Technology,443252,0
0.0,0.0,0.0,0.0,0.0,0.0,0.0,0.0,0.0,0.0,0.0,0.0,0.0,0.0,0.0,0.0,0.0,0.0,0.0,0.0,0.0,0.0,0.0,0.0,0.0,0.0,0.0,0.0,0.0,0.0,0.0,0.0,0.0,0.0,1.0,0.0,0.0,5525.0,935.0,,1.0,,,,0.0,Advance Science International College,444334,0
0.0,0.0,0.0,0.0,0.0,0.0,0.0,0.0,0.0,0.0,0.0,0.0,0.0,0.0,0.0,0.0,0.0,0.0,0.0,0.0,0.0,0.0,0.0,0.0,0.0,0.0,0.0,0.0,0.0,0.0,1.0,0.0,0.0,0.0,0.0,0.0,0.0,20600.0,,,2.0,5.0,,,0.0,American Advanced Technicians Institute,444370,0
0.0,0.0,0.0,0.0,0.0,0.0,1.0,0.0,0.0,0.0,0.0,0.0,0.0,0.0,0.0,0.0,0.0,0.0,0.0,0.0,0.0,0.0,0.0,0.0,0.0,0.0,0.0,0.0,0.0,0.0,0.0,0.0,0.0,0.0,0.0,0.0,0.0,7636.0,,,6.0,15.0,,,0.0,The Beauty Institute,444404,0
0.0,0.0,0.0,0.0,0.0,0.0,1.0,0.0,0.0,0.0,0.0,0.0,0.0,0.0,0.0,0.0,0.0,0.0,0.0,0.0,0.0,0.0,0.0,0.0,0.0,0.0,0.0,0.0,0.0,0.0,0.0,0.0,0.0,0.0,0.0,0.0,0.0,5405.0,,,3.0,6.0,,,0.0,Paul Mitchell the School-Orlando,445212,0
0.0,0.0,0.0,0.0,0.0,0.0,0.0,0.0,0.0,0.0,0.0,0.0,0.0,0.0,0.0,0.0,0.0,0.0,0.0,0.0,0.0,0.0,0.0,0.0,0.0,0.0,0.0,0.0,0.0,0.0,0.1125,0.0,0.0,0.0,0.8875,0.0,0.0,4866.0,6182.0,0.4118,,26.0,,,1.0,Fortis Institute-Port Saint Lucie,445744,0
0.0088,0.0,0.0044,0.0617,0.0,0.0,0.0,0.0441,0.0,0.0,0.0088,0.0,0.0,0.0,0.022,0.0,0.141,0.0132,0.0,0.0,0.0,0.0705,0.0749,0.0044,0.0,0.0925,0.0,0.0,0.0661,0.0,0.0,0.0,0.0,0.0132,0.1542,0.1894,0.0308,13083.0,9091.0,1.0,,17.0,8989288.0,11014738.0,0.0,Ave Maria University,446048,1
0.0,0.0,0.0,0.0,0.0,0.0,0.0,0.0,0.0,0.0,0.0,0.0,0.0,0.0,0.0,0.0,0.0,0.0,0.0,0.0,0.0,0.0,0.0,0.0,0.0,0.0,0.0,0.0,0.0,0.0,0.0,0.0,0.0,0.0,1.0,0.0,0.0,3862.0,8063.0,,,25.0,,,1.0,Cambridge College of Healthcare & Technology,446109,0
0.0,0.0,0.0,0.0,0.0,0.0,0.0,0.0,0.0,0.0,0.0,0.0,0.0,0.0,0.0,0.0,0.0,0.0,0.0,0.0,0.0,0.0,0.0,0.0,0.0,0.0,0.0,0.0,0.0,0.0,0.0,0.0,0.0,0.0,1.0,0.0,0.0,3794.0,5974.0,0.5161,,20.0,,,1.0,ATA Career Education,446127,0
0.0,0.0,0.0,0.0,0.0,0.0,0.0,0.0,0.0357,0.0,0.0,0.0,0.0,0.0,0.0,0.0,0.0,0.0,0.0,0.0,0.0,0.0,0.0,0.0,0.0,0.0,0.0,0.0,0.0,0.0,0.3108,0.139,0.0,0.0,0.3183,0.0,0.0,4333.0,4932.0,0.7582,9.0,22.0,,,1.0,Southern Technical College,446552,0
0.0,0.0,0.0,0.0,0.0,0.0,0.424,0.0,0.0,0.0,0.0,0.0,0.0,0.0,0.0,0.0,0.0,0.0,0.0,0.0,0.0,0.0,0.0,0.0,0.0,0.0,0.0,0.0,0.0,0.0,0.0,0.0,0.0,0.0,0.576,0.0,0.0,7679.0,8860.0,0.1875,13.0,10.0,,,1.0,Daytona College,447014,0
0.0,0.0,0.0,0.0,0.0,0.0,0.0,0.0,0.0,0.0,0.0,0.0,0.0,0.0,0.0,0.0,0.0,0.0,0.0,0.0,0.0,0.0,0.0,0.0,0.0,0.0,0.0,0.0,0.0,0.0,0.459,0.0,0.541,0.0,0.0,0.0,0.0,11845.0,3234.0,0.8958,,5.0,,,0.0,Aviator College of Aeronautical Science and Technology,447847,0
0.0,0.0,0.0,0.0,0.0,0.0,1.0,0.0,0.0,0.0,0.0,0.0,0.0,0.0,0.0,0.0,0.0,0.0,0.0,0.0,0.0,0.0,0.0,0.0,0.0,0.0,0.0,0.0,0.0,0.0,0.0,0.0,0.0,0.0,0.0,0.0,0.0,2822.0,,,2.0,10.0,,,0.0,Trendsetters School of Beauty & Barbering,447865,0
0.0,0.0,0.0,0.0,0.0,0.0,0.9278,0.0,0.0,0.0,0.0,0.0,0.0,0.0,0.0,0.0,0.0,0.0,0.0,0.0,0.0,0.0,0.0,0.0,0.0,0.0,0.0,0.0,0.0,0.0,0.0,0.0,0.0,0.0,0.0722,0.0,0.0,6331.0,,,8.0,12.0,,,0.0,American Institute of Beauty,447883,0
0.0,0.0,0.0,0.0,0.0,0.0,1.0,0.0,0.0,0.0,0.0,0.0,0.0,0.0,0.0,0.0,0.0,0.0,0.0,0.0,0.0,0.0,0.0,0.0,0.0,0.0,0.0,0.0,0.0,0.0,0.0,0.0,0.0,0.0,0.0,0.0,0.0,4426.0,,,7.0,21.0,,,0.0,North Florida Cosmetology Institute,447892,0
0.0,0.0,0.0,0.0,0.0,0.0,1.0,0.0,0.0,0.0,0.0,0.0,0.0,0.0,0.0,0.0,0.0,0.0,0.0,0.0,0.0,0.0,0.0,0.0,0.0,0.0,0.0,0.0,0.0,0.0,0.0,0.0,0.0,0.0,0.0,0.0,0.0,3489.0,,,5.0,20.0,,,0.0,Florida Academy of Health & Beauty,447908,0
0.0,0.0,0.0,0.0,0.0,0.1179,0.0,0.0,0.0,0.0,0.0,0.0,0.0,0.0,0.0,0.0,0.0,0.0,0.0,0.0,0.0,0.0,0.0,0.0,0.0,0.0,0.1004,0.0,0.0,0.0,0.0,0.0,0.0,0.0,0.0,0.7817,0.0,1828.0,8381.0,0.1481,,47.0,,,0.0,Strayer University-Florida,449038,0
0.0,0.0,0.0,0.0,0.0,0.0204,0.0,0.0,0.0,0.4837,0.0,0.0,0.0,0.0,0.0,0.0,0.0,0.0,0.0,0.0,0.0,0.0,0.0,0.0,0.0,0.0,0.0,0.0,0.0,0.0,0.4959,0.0,0.0,0.0,0.0,0.0,0.0,3875.0,4542.0,0.4259,,15.0,,,0.0,CBT Technology Institute-Main Campus,449083,0
0.0,0.0,0.0,0.0,0.0,0.0,0.0,0.0,0.0,0.0272,0.0,0.0,0.0,0.0,0.0,0.0,0.0,0.0,0.0,0.0,0.0,0.0,0.0,0.0,0.0,0.0,0.0,0.0,0.0,0.8949,0.0778,0.0,0.0,0.0,0.0,0.0,0.0,3329.0,2619.0,0.5111,,15.0,,,0.0,CBT Technology Institute-Hialeah,449092,0
,,,,,,,,,,,,,,,,,,,,,,,,,,,,,,,,,,,,,2842.0,,,,,,,0.0,Dragon Rises College of Oriental Medicine,449481,0
0.0,0.0,0.0,0.0,0.0,0.0,0.7586,0.0,0.0,0.0,0.0,0.0,0.0,0.0,0.0,0.0,0.0,0.0,0.0,0.0,0.0,0.0,0.0,0.0,0.0,0.0,0.0,0.0,0.0,0.0,0.0,0.0,0.0,0.0,0.2414,0.0,0.0,4713.0,,,8.0,6.0,,,0.0,Palm Beach Academy of Health & Beauty,449490,0
0.0,0.0,0.0,0.0,0.0,0.0,0.0,0.0,0.0,0.0,0.0,0.0,0.0,0.0,0.0,0.0,0.0,0.0,0.0,0.0,0.0,0.0,0.0,0.0,0.0,0.0,0.0,0.0,0.0,0.0,0.0,0.0,0.0,0.0,1.0,0.0,0.0,7185.0,7354.0,0.45,3.0,20.0,,,0.0,SABER College,449506,0
0.0,0.0,0.0,0.0,0.0,0.0,0.0,0.0,0.0,0.0,0.0,0.0,0.0,0.0,0.0,0.0,0.0,0.0,0.0,0.0,0.0,0.0,0.0,0.0,0.0,0.0,0.0,0.0,0.0,0.0,0.0,0.0,0.0,0.0,1.0,0.0,0.0,25756.0,5984.0,0.625,,24.0,,,1.0,Taylor College,449524,0
0.0,0.0,0.0,0.0,0.0,0.0148,0.0,0.0,0.0,0.0,0.0,0.0,0.0,0.0,0.0,0.0,0.0,0.0,0.0,0.0,0.0,0.0,0.0,0.0,0.0,0.0,0.0,0.0,0.0,0.0,0.0,0.0,0.0,0.0,0.9704,0.0148,0.0,8099.0,7883.0,0.3667,,14.0,,,0.0,South University-Tampa,449898,0
0.0,0.0,0.0,0.0,0.0,0.0,1.0,0.0,0.0,0.0,0.0,0.0,0.0,0.0,0.0,0.0,0.0,0.0,0.0,0.0,0.0,0.0,0.0,0.0,0.0,0.0,0.0,0.0,0.0,0.0,0.0,0.0,0.0,0.0,0.0,0.0,0.0,6871.0,,,3.0,12.0,,,0.0,Paul Mitchell the School-Tampa,449959,0
,,,,,,,,,,,,,,,,,,,,,,,,,,,,,,,,,,,,,4265.0,,,,,,,0.0,Academy for Five Element Acupuncture,451079,0
0.0,0.0,0.0,0.0,0.0,0.0,0.9286,0.0,0.0,0.0,0.0,0.0,0.0,0.0,0.0,0.0,0.0,0.0,0.0,0.0,0.0,0.0,0.0,0.0,0.0,0.0,0.0,0.0,0.0,0.0,0.0,0.0,0.0,0.0,0.0714,0.0,0.0,4373.0,,,6.0,10.0,,,0.0,Academy of Career Training,451097,0
0.0,0.0,0.0,0.0,0.0,0.0,0.0,0.0,0.0,0.0,0.0,0.0,0.0,0.0,0.0,0.0,0.0,0.0,0.0,0.0,0.0,0.0,0.0,0.0,0.0,0.0,0.0,0.0,0.0,0.0,0.0,0.0,0.0,0.0,1.0,0.0,0.0,3447.0,8265.0,0.55,9.0,27.0,,,0.0,Miami Regional University,451103,0
0.0,0.0,0.0,0.0,0.0,0.0,0.9564,0.0,0.0,0.0,0.0,0.0,0.0,0.0,0.0,0.0,0.0,0.0,0.0,0.0,0.0,0.0,0.0,0.0,0.0,0.0,0.0,0.0,0.0,0.0,0.0,0.0,0.0,0.0,0.0436,0.0,0.0,6922.0,,,4.0,16.0,,,0.0,Aveda Institute-South Florida,451149,0
0.0,0.0,0.0,0.0,0.0,0.0,0.8998,0.0,0.0,0.0,0.0,0.0,0.0,0.0,0.0,0.0,0.0,0.0,0.0,0.0,0.0,0.0,0.0,0.0,0.0,0.0,0.0,0.0,0.0,0.0,0.0,0.0,0.0,0.0,0.1002,0.0,0.0,7104.0,,,4.0,16.0,,,0.0,Aveda Institute-Tallahassee,451158,0
0.0,0.0,0.0,0.0,0.0,0.0,1.0,0.0,0.0,0.0,0.0,0.0,0.0,0.0,0.0,0.0,0.0,0.0,0.0,0.0,0.0,0.0,0.0,0.0,0.0,0.0,0.0,0.0,0.0,0.0,0.0,0.0,0.0,0.0,0.0,0.0,0.0,4658.0,,,6.0,9.0,,,0.0,Shear Excellence Hair Academy,451167,0
0.0,0.0,0.0,0.0,0.0,0.0017,0.0,0.0,0.0,0.0,0.0,0.0,0.0,0.0,0.0,0.0,0.0,0.0,0.0,0.0,0.0,0.0,0.0,0.0,0.0,0.0,0.0382,0.0,0.0,0.0,0.0,0.0,0.0,0.0,0.9568,0.0033,0.0,4103.0,8714.0,,,25.0,,,0.0,Cambridge College of Healthcare & Technology,454865,0
0.0,0.0,0.0,0.0,0.0,0.0,1.0,0.0,0.0,0.0,0.0,0.0,0.0,0.0,0.0,0.0,0.0,0.0,0.0,0.0,0.0,0.0,0.0,0.0,0.0,0.0,0.0,0.0,0.0,0.0,0.0,0.0,0.0,0.0,0.0,0.0,0.0,5025.0,,,3.0,10.0,,,0.0,Cozmo Beauty School,454874,0
0.0,0.0,0.0,0.0,0.0,0.0,0.9433,0.0,0.0,0.0,0.0,0.0,0.0,0.0,0.0,0.0,0.0,0.0,0.0,0.0,0.0,0.0,0.0,0.0,0.0,0.0,0.0,0.0,0.0,0.0,0.0,0.0,0.0,0.0,0.0567,0.0,0.0,2725.0,,,9.0,22.0,,,0.0,Celebrity School of Beauty,454917,0
0.0,0.0,0.0,0.0,0.0,0.0,0.1467,0.0,0.0,0.0,0.0,0.0,0.0,0.0,0.0,0.0,0.0,0.0,0.0,0.0,0.0,0.0,0.0,0.0,0.0,0.0,0.0,0.0,0.0,0.0,0.1067,0.0,0.0,0.0,0.7467,0.0,0.0,5161.0,5162.0,0.2143,,22.0,,,1.0,Fortis Institute-Pensacola,455479,0
0.0,0.0,0.0,0.0,0.0,0.0,0.0,0.0,0.0,0.0,0.0,0.0,0.0,0.0,0.0,0.0,0.0,0.0,0.0,0.0,0.0,0.0,0.0,0.0,0.0,0.0,0.0,0.0,0.0,0.0,0.0,0.0,0.0,0.0,1.0,0.0,0.0,6694.0,,,4.0,15.0,,,0.0,Medical Institute of Palm Beach,455831,0
0.0,0.0,0.0,0.0,0.0,0.375,0.0,0.0,0.0,0.0,0.0,0.0,0.0,0.0,0.0,0.0,0.0,0.0,0.0,0.0,0.0,0.0,0.0,0.0,0.0,0.0,0.0,0.0,0.0,0.0,0.0,0.0,0.0,0.0,0.0,0.625,0.0,8217.0,6000.0,,,3.0,,,0.0,Polytechnic University of Puerto Rico-Miami,456481,0
0.0,0.0,0.0,0.0,0.0,0.1176,0.0,0.0,0.5882,0.0,0.0,0.0,0.0,0.0,0.0,0.0,0.0,0.0,0.0,0.0,0.0,0.0,0.0,0.0,0.0,0.0,0.0,0.0,0.0,0.0,0.0,0.0,0.0,0.0,0.0,0.2941,0.0,6464.0,6040.0,0.2,,5.0,,,0.0,Polytechnic University of Puerto Rico-Orlando,456490,0
0.0,0.0,0.0,0.0,0.0,0.0,0.0,0.0,0.0,0.5812,0.0,0.0,0.0,0.0,0.0,0.0,0.0,0.0,0.0,0.0,0.0,0.0,0.0,0.0,0.0,0.0,0.0,0.0,0.0,0.4188,0.0,0.0,0.0,0.0,0.0,0.0,0.0,3408.0,,,,15.0,,,0.0,CBT Technology Institute-Cutler Bay,456977,0
0.0,0.0,0.0,0.0,0.0,0.0,0.0,0.0,0.0,0.0,0.0,0.0,0.0,0.0,0.0,0.0,0.0,0.0,0.0,0.0,0.0,0.0,0.0,0.0,0.0,0.0,0.0,0.0,0.0,0.0,0.0,0.0,0.0,0.0,1.0,0.0,0.0,6258.0,8080.0,0.1075,,10.0,,,0.0,Chamberlain University-Florida,457129,0
0.0,0.0,0.0,0.0,0.0,0.0,0.0,0.0,0.0,0.0,0.0,0.0,0.0,0.0,0.0,0.0,0.0,0.0,0.0,0.0,0.0,0.0,0.0,0.0,0.0,0.0,0.0,0.0,0.0,0.0,0.0,0.0,0.0,0.0,1.0,0.0,0.0,2826.0,,,,6.0,,,1.0,Florida School of Traditional Midwifery,457350,0
0.0,0.0,0.0,0.0,0.0,0.3182,0.0227,0.0,0.0,0.0568,0.0,0.0,0.0,0.0,0.0,0.0,0.0,0.0,0.0,0.0,0.0,0.0,0.0,0.0,0.0,0.0,0.0,0.0,0.0,0.1136,0.0227,0.1364,0.0,0.0,0.3295,0.0,0.0,21521.0,,,17.0,9.0,,,1.0,Emerald Coast Technical College,457378,0
0.0,0.0,0.0,0.064,0.0,0.1084,0.1182,0.0,0.0,0.0345,0.0,0.0493,0.0,0.0,0.0,0.0,0.0,0.0,0.0,0.0,0.0,0.0,0.0,0.0,0.0,0.0,0.0,0.0,0.0,0.0985,0.1478,0.0197,0.0,0.0,0.3103,0.0493,0.0,7876.0,,,16.0,14.0,,,1.0,Immokalee Technical College,457387,0
0.0,0.0,0.0,0.0,0.0,0.0,0.9647,0.0,0.0,0.0,0.0,0.0,0.0,0.0,0.0,0.0,0.0,0.0,0.0,0.0,0.0,0.0,0.0,0.0,0.0,0.0,0.0,0.0,0.0,0.0,0.0,0.0,0.0,0.0,0.0353,0.0,0.0,8197.0,,,6.0,15.0,,,0.0,American Academy of Cosmetology,457396,0
0.0,0.0,0.0,0.0,0.0,0.0,0.0,0.0,0.0,0.0,0.0,0.0,0.0,0.0,0.0,0.0,0.0,0.0,0.0,0.0,0.0,0.0,0.0,0.0,0.0,0.0,0.0,0.0,0.0,0.0,0.0,0.0,0.0,0.0,0.0,1.0,0.0,3651.0,5417.0,0.0952,,15.0,,,0.0,University of Fort Lauderdale,457402,0
0.0,0.0,0.0,0.0,0.0,0.0,0.0,0.0,0.0,0.0,0.0,0.0,0.0,0.0,0.0,0.0,0.0,0.0,0.0,0.0,0.0,0.0,0.0,0.0,0.0,0.0,0.0,0.0,0.0,0.0,1.0,0.0,0.0,0.0,0.0,0.0,0.0,3139.0,,,,17.0,,,0.0,Aviation Institute of Maintenance-Orlando,457411,0
0.0,0.0,0.0,0.0,0.0,0.0,0.9545,0.0,0.0,0.0,0.0,0.0,0.0,0.0,0.0,0.0,0.0,0.0,0.0,0.0,0.0,0.0,0.0,0.0,0.0,0.0,0.0,0.0,0.0,0.0,0.0,0.0,0.0,0.0,0.0455,0.0,0.0,6849.0,,,6.0,9.0,,,0.0,Summit Salon Academy,457420,0
0.0,0.0,0.0,0.0,0.0,0.0,1.0,0.0,0.0,0.0,0.0,0.0,0.0,0.0,0.0,0.0,0.0,0.0,0.0,0.0,0.0,0.0,0.0,0.0,0.0,0.0,0.0,0.0,0.0,0.0,0.0,0.0,0.0,0.0,0.0,0.0,0.0,1863.0,,,5.0,16.0,,,0.0,Summit Salon Academy-Gainesville,457439,0
0.0,0.0,0.0,0.0,0.0,0.0,1.0,0.0,0.0,0.0,0.0,0.0,0.0,0.0,0.0,0.0,0.0,0.0,0.0,0.0,0.0,0.0,0.0,0.0,0.0,0.0,0.0,0.0,0.0,0.0,0.0,0.0,0.0,0.0,0.0,0.0,0.0,4075.0,,,1.0,18.0,,,0.0,Tenaj Salon Institute,457448,0
0.0,0.0,0.0,0.0,0.0,0.0,1.0,0.0,0.0,0.0,0.0,0.0,0.0,0.0,0.0,0.0,0.0,0.0,0.0,0.0,0.0,0.0,0.0,0.0,0.0,0.0,0.0,0.0,0.0,0.0,0.0,0.0,0.0,0.0,0.0,0.0,0.0,11780.0,,,1.0,14.0,,,0.0,Empire Beauty School-West Palm,459055,0
0.0,0.0,0.0,0.0,0.0,0.1185,0.2417,0.0,0.0,0.0853,0.0,0.2512,0.0,0.0,0.0,0.0,0.0,0.0,0.0,0.0,0.0,0.0,0.0,0.0,0.0,0.0,0.0,0.0,0.0,0.0569,0.0806,0.0427,0.0,0.0474,0.0758,0.0,0.0,8424.0,,,14.0,13.0,,,0.0,Fred K Marchman Technical College,459329,0
0.0,0.0,0.0,0.0,0.0,0.0,1.0,0.0,0.0,0.0,0.0,0.0,0.0,0.0,0.0,0.0,0.0,0.0,0.0,0.0,0.0,0.0,0.0,0.0,0.0,0.0,0.0,0.0,0.0,0.0,0.0,0.0,0.0,0.0,0.0,0.0,0.0,5439.0,,,2.0,10.0,,,0.0,The Salon Professional Academy-Ft Myers,459347,0
0.0,0.0,0.0,0.0,0.0,0.0,0.0,0.0,0.0,0.0,0.0,0.0,0.0,0.0,0.0,0.0,0.0,0.0,0.0,0.0,0.0,0.0,0.0,0.0,0.0,0.0,0.0,0.0,0.0,0.0,0.0,0.0,0.0,0.0,1.0,0.0,0.0,13463.0,6354.0,0.7317,9.0,19.0,,,1.0,Concorde Career Institute-Orlando,460190,0
0.0,0.0,0.0,0.0,0.0,0.0,0.8133,0.0,0.0,0.0,0.0,0.0,0.0,0.0,0.0,0.0,0.0,0.0,0.0,0.0,0.0,0.0,0.0,0.0,0.0,0.0,0.0,0.0,0.0,0.0,0.0,0.0,0.0,0.0,0.1867,0.0,0.0,5091.0,,,7.0,13.0,,,0.0,Artistic Nails and Beauty Academy-Lakeland,460701,0
0.0,0.0,0.0,0.0,0.0,0.0,1.0,0.0,0.0,0.0,0.0,0.0,0.0,0.0,0.0,0.0,0.0,0.0,0.0,0.0,0.0,0.0,0.0,0.0,0.0,0.0,0.0,0.0,0.0,0.0,0.0,0.0,0.0,0.0,0.0,0.0,0.0,1235.0,,,5.0,35.0,,,0.0,Beauty Academy of South Florida,460969,0
0.0,0.0,0.0,0.0,0.0,0.0,0.2985,0.0,0.0,0.0,0.0,0.1642,0.0,0.0,0.0,0.0,0.0,0.0,0.0,0.0,0.0,0.0,0.0,0.0,0.0,0.0,0.0,0.0,0.0,0.0,0.0,0.0,0.2836,0.0,0.2537,0.0,0.0,13750.0,,,12.0,5.0,,,1.0,Flagler Technical College,461245,0
0.0,0.0,0.0,0.0,0.0,0.0,0.0,0.0667,0.0,0.0,0.0,0.2333,0.0,0.0,0.0,0.0,0.0,0.0,0.0,0.0,0.0,0.0,0.0,0.0,0.0,0.0,0.0,0.0,0.0,0.0,0.0,0.0,0.0,0.0333,0.6333,0.0333,0.0,2747.0,3581.0,,,10.0,,,0.0,Jose Maria Vargas University,461281,0
0.0,0.0,0.0,0.0,0.0,0.0,0.0,0.0,0.0,0.0,0.0,0.0,0.0,0.0,0.0,0.0,0.0,0.0,0.0,0.0,0.0,0.0,0.0,0.0,0.0,0.0,0.0,0.0,0.0,0.0,0.0,0.0,0.0,0.0,1.0,0.0,0.0,7103.0,,,6.0,17.0,,,0.0,D A Dorsey Technical College,461306,0
0.0,0.0,0.0,0.0,0.0,0.0,0.0,0.0,0.0,0.0,0.0,0.0,0.0,0.0,0.0,0.0,0.0,0.0,0.0,0.0,0.0,0.0,0.0,0.0,0.0,0.0,0.0,0.0,0.0,0.0,0.0,0.0,0.0,0.0,0.0,1.0,0.0,3599.0,,0.3404,,7.0,,,0.0,Millennia Atlantic University,461883,0
0.0,0.0,0.0,0.0,0.0,0.0,0.7,0.0,0.0,0.1286,0.0,0.0,0.0,0.0,0.0,0.0,0.0,0.0,0.0,0.0,0.0,0.0,0.0,0.0,0.0,0.0,0.0,0.0,0.0,0.0,0.0,0.0,0.0,0.0,0.1714,0.0,0.0,3195.0,,,8.0,10.0,,,1.0,Florida Academy,462035,0
0.0,0.0,0.0,0.0,0.0,0.0,1.0,0.0,0.0,0.0,0.0,0.0,0.0,0.0,0.0,0.0,0.0,0.0,0.0,0.0,0.0,0.0,0.0,0.0,0.0,0.0,0.0,0.0,0.0,0.0,0.0,0.0,0.0,0.0,0.0,0.0,0.0,7019.0,,,2.0,8.0,,,0.0,Paul Mitchell the School-Fort Myers,475547,0
0.0,0.0,0.0,0.0,0.0,0.0,0.0,0.0,0.0,0.0,0.0,0.0,0.0,0.0,0.0,0.0,0.0,0.0,0.0,0.0,0.0,0.0,0.0,0.0,0.0,0.0,0.0,0.0,0.0,0.0,0.0,0.0,0.0,0.0,1.0,0.0,0.0,2581.0,7708.0,1.0,6.0,6.0,,,0.0,American Medical Academy,475714,0
0.0,0.0,0.0,0.0,0.0,0.0,0.0,0.0,0.0,0.3133,0.0,0.0,0.0,0.0,0.0,0.0,0.0,0.0,0.0,0.0,0.0,0.0,0.0,0.0,0.0,0.0,0.0,0.0,0.0,0.3681,0.3185,0.0,0.0,0.0,0.0,0.0,0.0,1729.0,,,3.0,30.0,,,1.0,Tulsa Welding School-Jacksonville,476063,0
0.0,0.0,0.0,0.0,0.0,0.0,0.8404,0.0,0.0,0.0,0.0,0.0,0.0,0.0,0.0,0.0,0.0,0.0,0.0,0.0,0.0,0.0,0.0,0.0,0.0,0.0,0.0,0.0,0.0,0.0,0.1596,0.0,0.0,0.0,0.0,0.0,0.0,3186.0,,,5.0,25.0,,,0.0,Futura Career Institute,476498,0
0.0,0.0,0.0,0.0,0.3783,0.2,0.0,0.0,0.0,0.0,0.0,0.0,0.0,0.0,0.0,0.0,0.0,0.0,0.0,0.0,0.0,0.0,0.0,0.0,0.0,0.0,0.0,0.0,0.0,0.0,0.0,0.0,0.0,0.4217,0.0,0.0,0.0,4305.0,,,4.0,16.0,,,0.0,Florida Institute of Recording Sound and Technology,476814,0
0.0,0.0,0.0,0.0,0.0,0.0,0.0,0.0,0.0,0.0,0.0,0.0,0.0,0.0,0.0,0.0,0.0,0.0,0.0,0.0,0.0,0.0,0.0,0.0,0.0,0.0,0.0,0.0,0.0,0.0,0.0,0.0,0.0,0.0,1.0,0.0,0.0,5317.0,6578.0,0.3731,6.0,13.0,,,1.0,FVI School of Nursing and Technology,476939,0
0.0,0.0,0.0,0.0,0.0,0.1397,0.0,0.0,0.0,0.0,0.0,0.0,0.0,0.0,0.0,0.0,0.0,0.0,0.0,0.0,0.0,0.0,0.0,0.0,0.0,0.2514,0.0503,0.0,0.0,0.0,0.0,0.0,0.1788,0.0,0.067,0.3128,0.0,294.0,10652.0,,,6.0,,,1.0,Florida Institute of Technology-Online,480569,0
0.0,0.0,0.0,0.0,0.0,0.0,1.0,0.0,0.0,0.0,0.0,0.0,0.0,0.0,0.0,0.0,0.0,0.0,0.0,0.0,0.0,0.0,0.0,0.0,0.0,0.0,0.0,0.0,0.0,0.0,0.0,0.0,0.0,0.0,0.0,0.0,0.0,927.0,,,4.0,6.0,,,0.0,Shear Finesse Beauty Academy,480842,0
0.0,0.0,0.0,0.9241,0.0759,0.0,0.0,0.0,0.0,0.0,0.0,0.0,0.0,0.0,0.0,0.0,0.0,0.0,0.0,0.0,0.0,0.0,0.0,0.0,0.0,0.0,0.0,0.0,0.0,0.0,0.0,0.0,0.0,0.0,0.0,0.0,0.0,5144.0,4167.0,,6.0,6.0,,,0.0,Miami Media School,480851,0
0.0,0.0,0.0,0.0,0.0,0.0,0.0,0.0,0.0,0.0,0.0,0.0,0.0,0.0,0.0,0.0,0.0,0.0,0.0,0.0,0.0,0.0,0.0,0.0,0.0,0.0,0.0,0.0,0.0,0.0,0.0,0.0,0.0,0.0,1.0,0.0,0.0,7934.0,6667.0,,3.0,10.0,,,1.0,Ultrasound Medical Institute,481252,0
0.0,0.0,0.0,0.0,0.0,0.0,1.0,0.0,0.0,0.0,0.0,0.0,0.0,0.0,0.0,0.0,0.0,0.0,0.0,0.0,0.0,0.0,0.0,0.0,0.0,0.0,0.0,0.0,0.0,0.0,0.0,0.0,0.0,0.0,0.0,0.0,0.0,3390.0,,,4.0,15.0,,,0.0,Kaizen Beauty Academy,481313,0
0.0,0.0,0.0,0.0,0.0,0.0,0.9125,0.0,0.0,0.0,0.0,0.0,0.0,0.0,0.0,0.0,0.0,0.0,0.0,0.0,0.0,0.0,0.0,0.0,0.0,0.0,0.0,0.0,0.0,0.0,0.0,0.0,0.0,0.0,0.0875,0.0,0.0,10652.0,,,11.0,8.0,,,0.0,Prestige Health & Beauty Sciences Academy,481368,0
0.0,0.0,0.0,0.0,0.0,0.0,1.0,0.0,0.0,0.0,0.0,0.0,0.0,0.0,0.0,0.0,0.0,0.0,0.0,0.0,0.0,0.0,0.0,0.0,0.0,0.0,0.0,0.0,0.0,0.0,0.0,0.0,0.0,0.0,0.0,0.0,0.0,3894.0,,,11.0,17.0,,,0.0,Boca Beauty Academy,481483,0
0.0,0.0,0.0,0.0101,0.0,0.3838,0.0,0.0,0.0,0.0,0.0,0.0,0.0,0.0,0.0,0.0,0.0,0.0,0.0,0.0,0.0,0.0,0.0,0.0,0.0,0.0,0.0,0.0,0.0,0.0,0.0,0.0,0.0,0.0,0.0404,0.5657,0.0,3441.0,9587.0,0.1,,5.0,,,0.0,DeVry University-Florida,482459,0
0.0,0.0,0.0,0.0,0.0,0.3717,0.0,0.0,0.3186,0.0,0.0,0.0,0.0,0.0,0.0944,0.0,0.0,0.0088,0.0029,0.2035,0.0,0.0,0.0,0.0,0.0,0.0,0.0,0.0,0.0,0.0,0.0,0.0,0.0,0.0,0.0,0.0,0.0,10261.0,11180.0,0.9223,,17.0,3617791.0,4300678.0,0.0,Florida Polytechnic University,482936,1
0.0,0.0,0.0,0.0,0.0,0.0,0.0,0.0,0.0,0.0,0.0,0.0,0.0,0.0,0.0,0.0,0.0,0.0,0.0,0.0,0.0,0.0,0.0,0.0,0.0,0.0,0.0,0.0,0.0,0.0,0.0,0.0,0.0,0.0,1.0,0.0,0.0,2841.0,,,2.0,20.0,,,0.0,More Tech Institute,483470,0
0.0,0.0,0.0,0.0092,0.0,0.0067,0.0,0.0067,0.0,0.0017,0.0,0.0,0.0083,0.0,0.0,0.0,0.0,0.0,0.0258,0.0,0.0,0.0,0.0,0.0,0.0,0.104,0.0241,0.0,0.0116,0.0,0.0,0.0,0.0,0.2346,0.3544,0.213,0.0,2570.0,5838.0,0.0539,,28.0,,,0.0,Ana G. Mendez University,483595,0
0.0,0.0,0.0,0.0,0.0,0.1199,0.0,0.0,0.0,0.0,0.0,0.0,0.0,0.0,0.0,0.0,0.0,0.0,0.0,0.0,0.0,0.0,0.0,0.0,0.0,0.0,0.0,0.0,0.0,0.0,0.1232,0.0,0.0,0.0,0.757,0.0,0.0,1888.0,,,4.0,25.0,,,0.0,InterAmerican Technical Institute,483869,0
0.0,0.0,0.0,0.0,0.0,0.0,0.8873,0.0,0.0,0.0,0.0,0.0,0.0,0.0,0.0,0.0,0.0,0.0,0.0,0.0,0.0,0.0,0.0,0.0,0.0,0.0,0.0,0.0,0.0,0.0,0.0,0.0,0.0,0.0,0.1127,0.0,0.0,2446.0,,,6.0,11.0,,,0.0,Parisian Spa Institute,483896,0
0.0,0.0,0.0,0.0,0.0,0.0,1.0,0.0,0.0,0.0,0.0,0.0,0.0,0.0,0.0,0.0,0.0,0.0,0.0,0.0,0.0,0.0,0.0,0.0,0.0,0.0,0.0,0.0,0.0,0.0,0.0,0.0,0.0,0.0,0.0,0.0,0.0,5385.0,,,3.0,30.0,,,0.0,First Coast Barber Academy,484075,0
0.0,0.0,0.0,0.0,0.0,0.0,0.0,0.0,0.0,0.0,0.0,0.0,0.0,0.0,0.0,0.0,0.0,0.0,0.0,0.0,0.0,0.0,0.0,0.0,0.0,0.0,0.0,0.0,0.0,0.0,0.0,0.0,0.0,0.0,1.0,0.0,0.0,2428.0,,,1.0,36.0,,,0.0,Lee Professional Institute,484172,0
0.0,0.0,0.0,0.1089,0.0,0.0759,0.0,0.0447,0.0,0.0,0.0,0.0,0.0,0.0,0.0107,0.0,0.0438,0.0,0.0,0.036,0.0944,0.0,0.0,0.0165,0.0,0.0817,0.0418,0.0,0.0944,0.0,0.0,0.0,0.0,0.0292,0.1109,0.2111,0.0,3673.0,5838.0,0.0503,,61.0,,,0.0,University of Florida-Online,484473,0
0.0,0.0,0.0,0.0,0.0,0.0,0.0,0.0,0.0,0.0,0.0,0.0,0.0,0.0,0.0,0.0,0.0,0.0,0.0,0.0,0.0,0.0,0.0,0.0,0.0,0.0,0.0,0.0,0.0,0.0,0.0,0.0,0.0,0.0,1.0,0.0,0.0,12439.0,8114.0,0.2475,,15.0,,,0.0,West Coast University-Miami,485272,0
0.0,0.0,0.0,0.0,0.0,0.0348,0.0,0.0,0.0,0.0,0.0,0.0,0.0,0.0,0.0,0.0,0.0,0.0,0.0,0.0,0.0,0.0,0.0,0.0,0.0,0.0,0.387,0.0,0.0,0.0,0.0304,0.0,0.0,0.0,0.4957,0.0,0.0,1578.0,,,5.0,17.0,,,1.0,Aparicio-Levy Technical College,485342,0
0.0,0.0,0.0,0.0,0.0,0.0,0.8491,0.0,0.0,0.0,0.0,0.0,0.0,0.0,0.0,0.0,0.0,0.0,0.0,0.0,0.0,0.0,0.0,0.0,0.0,0.0,0.0,0.0,0.0,0.0,0.0,0.0,0.0,0.0,0.1509,0.0,0.0,3330.0,,,9.0,24.0,,,0.0,Hollywood Institute of Beauty Careers-West Palm Beach,485379,0
0.0,0.0,0.0,0.0,0.0,0.0,0.9659,0.0,0.0,0.0,0.0,0.0,0.0,0.0,0.0,0.0,0.0,0.0,0.0,0.0,0.0,0.0,0.0,0.0,0.0,0.0,0.0,0.0,0.0,0.0,0.0,0.0,0.0,0.0,0.0341,0.0,0.0,3553.0,,,9.0,25.0,,,0.0,Hollywood Institute of Beauty Careers-Casselberry,485388,0
0.0,0.0,0.0,0.0,0.0,0.0,0.9073,0.0,0.0,0.0,0.0,0.0,0.0,0.0,0.0,0.0,0.0,0.0,0.0,0.0,0.0,0.0,0.0,0.0,0.0,0.0,0.0,0.0,0.0,0.0,0.0,0.0,0.0,0.0,0.0927,0.0,0.0,2258.0,,,6.0,25.0,,,0.0,Latin Beauty Academy,485485,0
0.0,0.0,0.0,0.0,0.0,0.16,0.0,0.0,0.03,0.0,0.0,0.0,0.0,0.0,0.0,0.0,0.0,0.0,0.0,0.0,0.0,0.0,0.0,0.0,0.0,0.0,0.0,0.0,0.0,0.0,0.0,0.0,0.0,0.0,0.07,0.74,0.0,3520.0,2776.0,0.4416,,25.0,,,0.0,Atlantis University,485768,0
0.0,0.0,0.0,0.0,0.0,0.0,0.0458,0.0,0.0,0.0,0.0,0.0,0.0,0.0,0.0,0.0,0.0,0.0,0.0,0.0,0.0,0.0,0.0,0.0,0.0,0.0,0.0,0.0,0.0,0.0,0.0382,0.1527,0.0763,0.0,0.687,0.0,0.0,11681.0,,,9.0,11.0,,,1.0,Treasure Coast Technical College,486150,0
0.0,0.0,0.0,0.0,0.0,0.0,0.0,0.0,0.0,0.0,0.8132,0.0,0.0,0.0,0.0,0.0,0.0,0.0,0.0,0.0,0.0,0.0,0.0,0.0,0.0,0.0,0.0,0.0,0.0,0.0,0.0,0.0,0.0,0.0,0.0,0.1868,0.0,2909.0,,0.0206,,10.0,,,0.0,San Ignacio University,486239,0
0.0,0.0,0.0,0.2,0.0,0.0,0.0,0.0,0.0,0.0,0.0,0.0,0.0,0.0,0.0,0.0,0.0,0.0,0.0,0.0,0.0,0.0,0.0,0.0,0.0,0.0,0.0,0.0,0.0,0.0,0.0,0.0,0.0,0.0,0.0,0.8,0.0,1248.0,,,,23.0,,,0.0,United International College,486354,0
0.0,0.0,0.0,0.0,0.0,0.0,0.0,0.0,0.0,0.0,0.0,0.0,0.0,0.0,0.0,0.0,0.0,0.0,0.0,0.0,0.0,0.0,0.0,0.0,0.0,0.0,0.0,0.0,0.0,0.1496,0.2388,0.0,0.0,0.0,0.5486,0.063,0.0,2409.0,,,6.0,30.0,,,0.0,Florida International Training Institute,486512,0
0.0,0.0,0.0,0.0,0.0,0.0,0.0,0.0,0.0,0.0,0.0,0.0,0.0,0.0,0.0,0.0,0.0,0.0,0.0,0.0,0.0,0.0,0.0,0.0,0.0,0.0,0.0,0.0,0.0,0.0,0.6287,0.0,0.3713,0.0,0.0,0.0,0.0,7273.0,5136.0,,,16.0,,,1.0,Jones Technical Institute,487311,0
0.0,0.0,0.0,0.0,0.0,0.0,0.0,0.0,0.0,0.0,0.0,0.0,0.0,0.0,0.0,0.0,0.0,0.0,0.0,0.0,0.0,0.0,0.0,0.0,0.0,0.0,0.0,0.0,0.0,0.0,0.0,0.0,0.0,0.0,1.0,0.0,0.0,593.0,11118.0,0.5172,,41.0,,,0.0,Med College,488059,0
0.0,0.0,0.0,0.0,0.0,0.0,0.0,0.0,0.0,0.0,0.0,0.0,0.0,0.0,0.0,0.0,0.0,0.0,0.0,0.0,0.0,0.0,0.0,0.0,0.0,0.0,0.0,0.0,0.0,0.0,0.0,0.0,0.0,0.0,1.0,0.0,0.0,6342.0,,,1.0,6.0,,,0.0,Center for Neurosomatic Studies,488226,0
0.0,0.0,0.0,0.0,0.0,0.0,0.0,0.0,0.0,0.0,0.0,0.0,0.0,0.0,0.0,0.0,0.0,0.0,0.0,0.0,1.0,0.0,0.0,0.0,0.0,0.0,0.0,0.0,0.0,0.0,0.0,0.0,0.0,0.0,0.0,0.0,0.0,2822.0,,,3.0,12.0,,,0.0,National Personal Training Institute,488280,0
0.0,0.0,0.0,0.0,0.0,0.0,0.0,0.0,0.0,0.0,0.0,0.0,0.0,0.0,0.0,0.0,0.0,0.0,0.0,0.0,0.0,0.0,0.0,0.0,0.0,0.0,0.0,0.0,0.0,0.0,0.0,0.0,0.0,0.0,1.0,0.0,0.0,2256.0,2800.0,0.375,2.0,24.0,,,0.0,Hope College of Arts and Sciences,488332,0
0.0,0.0,0.0,0.0,0.0,0.0,0.6207,0.0,0.0,0.0591,0.0,0.0148,0.0,0.0,0.0,0.0,0.0,0.0,0.0,0.0,0.0,0.0,0.0,0.0,0.0,0.0,0.0,0.0,0.0,0.0,0.0493,0.0,0.0,0.0,0.2562,0.0,0.0,9584.0,,,11.0,20.0,,,0.0,South Dade Technical College-South Dade Skills Center Campus,488891,0
0.0,0.0,0.0,0.0,0.0,0.0,0.8465,0.0,0.0,0.0,0.0,0.0,0.0,0.0,0.0,0.0,0.0,0.0,0.0,0.0,0.0,0.0,0.0,0.0,0.0,0.0,0.0,0.0,0.0,0.0,0.0,0.0,0.0,0.0,0.1535,0.0,0.0,3097.0,,,8.0,18.0,,,0.0,Boca Beauty Academy-Parkland,489238,0
0.0,0.0,0.0,0.0,0.0,0.0,0.0,0.0,0.0,0.0,0.0,0.0,0.0,0.0,0.0,0.0,0.0,0.0,0.0,0.0,1.0,0.0,0.0,0.0,0.0,0.0,0.0,0.0,0.0,0.0,0.0,0.0,0.0,0.0,0.0,0.0,0.0,2164.0,,,1.0,8.0,,,0.0,National Personal Training Institute-Tampa,490018,0
0.0,0.0,0.0,0.0,0.0,0.0,0.0,0.0,0.0,0.0,0.0,0.0,0.0,0.0,0.0,0.0,0.0,0.0,0.0,0.0,0.0,0.0,0.0,0.0,0.0,0.0,0.0,0.0,0.0,0.0,0.0,0.0,0.0,0.0,0.7209,0.0,0.0,8957.0,7903.0,0.2879,,3.0,,,1.0,HCI College,490054,0
0.0,0.0,0.0,0.0,0.0,0.0,0.56,0.0,0.0,0.0,0.0,0.0,0.0,0.0,0.0,0.0,0.0,0.0,0.0,0.0,0.0,0.0,0.0,0.0,0.0,0.0,0.0,0.0,0.0,0.04,0.08,0.0,0.32,0.0,0.0,0.0,0.0,19842.0,,,11.0,12.0,,,1.0,Gadsden Technical College,490090,0
0.0,0.0,0.0,0.0,0.0,0.0,1.0,0.0,0.0,0.0,0.0,0.0,0.0,0.0,0.0,0.0,0.0,0.0,0.0,0.0,0.0,0.0,0.0,0.0,0.0,0.0,0.0,0.0,0.0,0.0,0.0,0.0,0.0,0.0,0.0,0.0,0.0,2191.0,,,2.0,15.0,,,0.0,World Class Academy of Beauty Careers,490142,0
0.0,0.0,0.0,0.0,0.0,0.0,1.0,0.0,0.0,0.0,0.0,0.0,0.0,0.0,0.0,0.0,0.0,0.0,0.0,0.0,0.0,0.0,0.0,0.0,0.0,0.0,0.0,0.0,0.0,0.0,0.0,0.0,0.0,0.0,0.0,0.0,0.0,3757.0,,,6.0,18.0,,,0.0,American Beauty and Trade School,490391,0
0.0,0.0,0.0,0.0,0.0,0.0,0.0,0.0,0.0,0.0,0.0,0.0,0.0,0.0,0.0,0.0,0.0,0.0,0.0,0.0,0.0,0.0,0.0,0.0,0.0,0.0,0.0,0.0,0.0,0.0,0.0,0.0,0.0,0.0,1.0,0.0,0.0,6006.0,6779.0,0.2424,,22.0,,,0.0,Fortis College-Cutler Bay,490975,0
0.0,0.0,0.0,0.0,0.0,0.0,1.0,0.0,0.0,0.0,0.0,0.0,0.0,0.0,0.0,0.0,0.0,0.0,0.0,0.0,0.0,0.0,0.0,0.0,0.0,0.0,0.0,0.0,0.0,0.0,0.0,0.0,0.0,0.0,0.0,0.0,0.0,7400.0,,,1.0,23.0,,,0.0,Empire Beauty School-Tampa,491136,0
0.0,0.0,0.0,0.0,0.0,0.0,1.0,0.0,0.0,0.0,0.0,0.0,0.0,0.0,0.0,0.0,0.0,0.0,0.0,0.0,0.0,0.0,0.0,0.0,0.0,0.0,0.0,0.0,0.0,0.0,0.0,0.0,0.0,0.0,0.0,0.0,0.0,5753.0,,,1.0,25.0,,,0.0,Empire Beauty School-Lakeland,491145,0
0.0,0.0,0.0,0.0,0.0,0.0,0.0,0.0,0.0,0.0,0.0,0.0,0.0,0.0,0.0,0.0,0.0,0.0,0.0,0.0,0.0,0.0,0.0,0.0,0.0,0.0,0.0,0.0,0.0,0.0,0.0,0.0,0.0,0.0,0.0,0.0,0.0,16832.0,,,2.0,5.0,,,0.0,Pets Playground Grooming School,491534,0
0.0,0.0,0.0,0.0,0.0,0.0,1.0,0.0,0.0,0.0,0.0,0.0,0.0,0.0,0.0,0.0,0.0,0.0,0.0,0.0,0.0,0.0,0.0,0.0,0.0,0.0,0.0,0.0,0.0,0.0,0.0,0.0,0.0,0.0,0.0,0.0,0.0,7513.0,,,5.0,9.0,,,0.0,UR Beauty & Barber Academy,491747,0
0.0,0.0,0.0,0.0,0.0,0.0615,0.0923,0.0,0.0,0.1231,0.0,0.0,0.0,0.0,0.0,0.0,0.0,0.0,0.0,0.0,0.0,0.0,0.0,0.0,0.0,0.0,0.5692,0.0,0.0,0.0,0.0462,0.1077,0.0,0.0,0.0,0.0,0.0,1451.0,,,7.0,8.0,,,1.0,Wilton Simpson Technical College,491783,0
0.0,0.0,0.0,0.0,0.0,0.0,1.0,0.0,0.0,0.0,0.0,0.0,0.0,0.0,0.0,0.0,0.0,0.0,0.0,0.0,0.0,0.0,0.0,0.0,0.0,0.0,0.0,0.0,0.0,0.0,0.0,0.0,0.0,0.0,0.0,0.0,0.0,1616.0,,,7.0,10.0,,,0.0,KCK Beauty & Barber Academy,492652,0
0.0,0.0,0.0,0.0,0.0,0.0,0.0,0.0,0.0,0.0,0.0,0.0,0.0,0.0,0.0,0.0,0.0,0.0,0.0,0.0,0.0,0.0,0.0,0.0,0.0,0.0,0.0,0.0,0.0,0.0,0.0,0.0,0.0,0.0,1.0,0.0,0.0,1897.0,,,3.0,20.0,,,0.0,Global Medical & Technical Training Institute,492935,0
0.0,0.0,0.0,0.0,0.0,0.0,0.0,0.0,0.0,0.0,0.0,0.0,0.0,0.0,0.0,0.0,0.0,0.0,0.0,0.0,0.0,0.0,0.0,0.0,0.0,0.0,0.0,0.0,0.0,0.0,0.0,0.0,0.0,0.0,1.0,0.0,0.0,9096.0,5935.0,,,15.0,,,1.0,Premiere International College,493488,0
0.0,0.0,0.0,0.0,0.0,0.0,1.0,0.0,0.0,0.0,0.0,0.0,0.0,0.0,0.0,0.0,0.0,0.0,0.0,0.0,0.0,0.0,0.0,0.0,0.0,0.0,0.0,0.0,0.0,0.0,0.0,0.0,0.0,0.0,0.0,0.0,0.0,5161.0,,,6.0,8.0,,,0.0,Bellasa Professional Institute,493567,0
0.0,0.0,0.0,0.0,0.0,0.0,1.0,0.0,0.0,0.0,0.0,0.0,0.0,0.0,0.0,0.0,0.0,0.0,0.0,0.0,0.0,0.0,0.0,0.0,0.0,0.0,0.0,0.0,0.0,0.0,0.0,0.0,0.0,0.0,0.0,0.0,0.0,4107.0,,,4.0,6.0,,,0.0,Mariano Moreno Culinary Institute,495183,0
0.0,0.0,0.0,0.0,0.0,0.0,1.0,0.0,0.0,0.0,0.0,0.0,0.0,0.0,0.0,0.0,0.0,0.0,0.0,0.0,0.0,0.0,0.0,0.0,0.0,0.0,0.0,0.0,0.0,0.0,0.0,0.0,0.0,0.0,0.0,0.0,0.0,5481.0,,,1.0,15.0,,,0.0,Adrian H. Wallace Barber Academy,495217,0
0.0,0.0,0.0,0.0,0.0,0.0,1.0,0.0,0.0,0.0,0.0,0.0,0.0,0.0,0.0,0.0,0.0,0.0,0.0,0.0,0.0,0.0,0.0,0.0,0.0,0.0,0.0,0.0,0.0,0.0,0.0,0.0,0.0,0.0,0.0,0.0,0.0,3030.0,,,2.0,5.0,,,0.0,Total Beauty Institute,495235,0
0.0,0.0,0.0,0.0,0.0,0.0,0.2252,0.0,0.0,0.0,0.0,0.0,0.0,0.0,0.0,0.0,0.0,0.0,0.0,0.0,0.0,0.0,0.0,0.0,0.0,0.0,0.0,0.0,0.0,0.0,0.0,0.0,0.0,0.0,0.7748,0.0,0.0,1226.0,,,3.0,23.0,,,0.0,Florida Professional Institute,495299,0
0.0,0.0,0.0,0.0,0.0,0.0,1.0,0.0,0.0,0.0,0.0,0.0,0.0,0.0,0.0,0.0,0.0,0.0,0.0,0.0,0.0,0.0,0.0,0.0,0.0,0.0,0.0,0.0,0.0,0.0,0.0,0.0,0.0,0.0,0.0,0.0,0.0,6802.0,,,1.0,9.0,,,0.0,Paul Mitchell the School-Fort Lauderdale,495369,0
0.0,0.0,0.0,0.0,0.0,0.0,0.0,0.0,0.0,0.0,0.0,0.0,0.0,0.0,0.0,0.0,0.0,0.0,0.0,0.0,0.0,0.0,0.0,0.0,0.0,0.0,0.0,0.0,0.0,0.0,0.0,0.0,0.0,0.0,1.0,0.0,0.0,8117.0,7295.0,0.1875,,20.0,,,0.0,Arizona College of Nursing-Tampa,495420,0
0.0,0.0,0.0,0.0,0.0,0.0,0.0,0.0,0.0,0.0,0.0,0.0,0.0,0.0,0.0,0.0,0.0,0.0,0.0,0.0,0.0,0.0,0.0,0.0,0.0,0.0,0.0,0.0,0.0,0.0,0.0,0.0,0.0,0.0,1.0,0.0,0.0,7954.0,7881.0,0.1563,,20.0,,,0.0,Arizona College of Nursing-Fort Lauderdale,495439,0
0.0,0.0,0.0,0.0,0.0,0.0,1.0,0.0,0.0,0.0,0.0,0.0,0.0,0.0,0.0,0.0,0.0,0.0,0.0,0.0,0.0,0.0,0.0,0.0,0.0,0.0,0.0,0.0,0.0,0.0,0.0,0.0,0.0,0.0,0.0,0.0,0.0,517.0,,,4.0,5.0,,,0.0,Ruben's Five Star Academy,496052,0
0.0,0.0,0.0,0.0,0.0,0.0,0.0,0.0,0.0,0.0,0.0,0.0,0.0,0.0,0.0,0.0,0.0,0.0,0.0,0.0,0.0,0.0,0.0,0.0,0.0,0.0,0.0,0.0,0.0,0.0,0.0,0.0,0.0,0.0,1.0,0.0,0.0,7122.0,7077.0,0.375,,18.0,,,0.0,Antigua College International,496636,0
0.0,0.0,0.0,0.0,0.0,0.0,0.0,0.0,0.0,0.0,0.0,0.0,0.0,0.0,0.0,0.0,0.0,0.0,0.0,0.0,0.0,0.0,0.0,0.0,0.0,0.0,0.0,0.0,0.0,0.0,0.0,0.0,0.0,0.0,1.0,0.0,0.0,2945.0,5083.0,,3.0,6.0,,,0.0,Florida Academy of Nursing,496681,0
0.0,0.0,0.0,0.0,0.0,0.0,0.0,0.0,0.0,0.0,0.0,0.0,0.0,0.0,0.0319,0.0,0.0,0.0,0.0,0.0,0.0,0.0,0.0,0.0,0.0,0.0,0.0,0.0,0.0,0.0,0.0,0.0,0.0,0.0,0.9681,0.0,0.0,6862.0,7694.0,0.1724,,14.0,,,0.0,Herzing University-Tampa,496973,0
0.0,0.0,0.0,0.0,0.0,0.0,0.0,0.0,0.0,0.0,0.0,0.0,0.0,0.0,0.0,0.0,0.0,0.0,0.0,0.0,0.0,0.0,0.0,0.0,0.0,0.0,0.0,0.0,0.0,0.0,0.0,0.0,0.0,0.0,1.0,0.0,0.0,6737.0,7512.0,0.6627,,12.0,,,0.0,Galen Health Institutes-Miami Campus,496991,0
0.0,0.0,0.0,0.0,0.0,0.0,1.0,0.0,0.0,0.0,0.0,0.0,0.0,0.0,0.0,0.0,0.0,0.0,0.0,0.0,0.0,0.0,0.0,0.0,0.0,0.0,0.0,0.0,0.0,0.0,0.0,0.0,0.0,0.0,0.0,0.0,0.0,8517.0,,,5.0,16.0,,,0.0,Salon Professional Academy-Elevate Salon Institute,497222,0
0.0,0.0,0.0,0.0,0.0,0.0,0.0,0.0,0.0,0.0,0.0,0.0,0.0,0.0,0.0,0.0,0.0,0.0,0.0,0.0,0.0,0.0,0.0,0.0,0.0,0.0,0.0,0.0,0.0,0.0,0.7348,0.2652,0.0,0.0,0.0,0.0,0.0,6046.0,6299.0,,6.0,36.0,,,,Universal Technical Institute-South Florida Miramar,498030,0
0.0,0.0,0.0,0.0,0.0,0.0,0.0,0.0,0.0,0.0,0.0,0.0,0.0,0.0,0.0,0.0,0.0,0.0,0.0,0.0,0.0,0.0,0.0,0.0,0.0,0.0,0.0,0.0,0.0,0.0,0.0,0.0,0.0,0.0,1.0,0.0,0.0,2503.0,6837.0,0.6981,,12.0,,,,Galen Health Institutes-Sarasota,498076,0
0.0,0.0,0.0,0.0,0.0,0.0,0.0,0.0,0.0,0.0,0.0,0.0,0.0,0.0,0.0,0.0,0.0,0.0,0.0,0.0,0.0,0.0,0.0,0.0,0.0,0.0,0.0,0.0,0.0,0.0,0.0,0.0,0.0,0.0,1.0,0.0,0.0,6459.0,6635.0,0.5789,,12.0,,,,Galen Health Institutes-Gainesville,498085,0
,,,,,,,,,,,,,,,,,,,,,,,,,,,,,,,,,,,,,,,,,,,,,Larkin University,498234,0
0.0,0.0,0.0,0.0,0.0,0.0,0.0,0.0,0.0,0.0,0.0,0.0,0.0,0.0,0.0,0.0,0.0,0.0,0.0,0.0,0.0,0.0,0.0,0.0,0.0,0.0,0.0,0.0,0.0,0.0,0.0,0.0,0.0,0.0,1.0,0.0,0.0,3506.0,2875.0,,2.0,18.0,,,,Chancellor Institute,498340,0
0.0,0.0,0.0,0.0,0.0,0.0,1.0,0.0,0.0,0.0,0.0,0.0,0.0,0.0,0.0,0.0,0.0,0.0,0.0,0.0,0.0,0.0,0.0,0.0,0.0,0.0,0.0,0.0,0.0,0.0,0.0,0.0,0.0,0.0,0.0,0.0,0.0,2222.0,,,3.0,20.0,,,,JT's Cuts Academy,498827,0
0.0,0.0,0.0,0.125,0.0,0.0,0.0,0.0,0.0,0.0,0.0,0.0,0.0,0.0,0.0,0.0,0.0,0.0,0.0,0.0,0.0,0.0,0.0,0.0,0.0,0.0,0.0,0.0,0.0,0.0,0.0,0.0,0.0,0.0,0.0,0.875,0.0,6736.0,,,,5.0,,,,URBE University,498924,0
0.0,0.0,0.0,0.0,0.0,0.0,0.0,0.0,0.0,0.0,0.0,0.0,0.0,0.0,0.0,0.0,0.0,0.0,0.0,0.0,0.0,0.0,0.0,0.0,0.0,0.0,0.0,0.0,0.0,0.0,0.0,0.0,0.0,0.0,0.0,0.0,0.0,6835.0,8292.0,,,20.0,,,,Arizona College of Nursing-Sarasota,499370,0
0.0,0.0,0.0,0.0,0.0,0.0,0.0,0.0,0.0,0.0,0.0,0.0,0.0,0.0,0.0,0.0,0.0,0.0,0.0,0.0,0.0,0.0,0.0,0.0,0.0,0.0,0.0,0.0,0.0,0.0,0.0,0.0,0.0,0.0,1.0,0.0,0.0,6537.0,4217.0,1.0,5.0,14.0,,,,Gwinnett Institute,499495,0
0.0,0.0,0.0,0.0,0.0,0.0,1.0,0.0,0.0,0.0,0.0,0.0,0.0,0.0,0.0,0.0,0.0,0.0,0.0,0.0,0.0,0.0,0.0,0.0,0.0,0.0,0.0,0.0,0.0,0.0,0.0,0.0,0.0,0.0,0.0,0.0,0.0,6414.0,,,5.0,25.0,,,,Affinity Hair Academy,500005,0
0.0,0.0,0.0,0.0,0.0,0.0,0.0249,0.0,0.0,0.0,0.0,0.0,0.0,0.0,0.0,0.0,0.0,0.0,0.0,0.0,0.0,0.0,0.0,0.0,0.0,0.0,0.0,0.0,0.0,0.0,0.0,0.0,0.0,0.0,0.9751,0.0,0.0,2484.0,,,4.0,30.0,,,,ICR Florida Education,500014,0
0.0,0.0,0.0,0.0,0.0,0.0,0.0,0.0,0.0,0.0,0.0,0.0,0.0,0.0,0.0,0.0,0.0,0.0,0.0,0.0,0.0,0.0,0.0,0.0,0.0,0.0,0.0,0.0,0.0,0.0,0.0,0.0,0.0,0.0,0.0,0.0,0.0,69.0,1667.0,1.0,12.0,3.0,,,,Kennedy University of Baptist,500041,0
0.0,0.0,0.0,0.0,0.0,0.0,0.0,0.0518,0.0,0.0,0.0,0.0,0.0,0.0,0.9482,0.0,0.0,0.0,0.0,0.0,0.0,0.0,0.0,0.0,0.0,0.0,0.0,0.0,0.0,0.0,0.0,0.0,0.0,0.0,0.0,0.0,0.0,1626.0,,,,11.0,,,,Doral College,500087,0
0.0,0.0,0.0,0.0,0.0,0.0,0.0,0.0,0.0,0.0,0.0,0.0,0.0,0.0,0.0,0.0,0.0,0.0,0.0,0.0,0.0,0.0,0.0,0.0,0.0,0.0,0.0,0.0,0.0,0.0,0.0,0.0,0.0,0.0,1.0,0.0,0.0,1841.0,,,3.0,20.0,,,,Aguilas International Technical Institute,500397,0
0.0,0.0,0.0,0.0,0.0,0.0,1.0,0.0,0.0,0.0,0.0,0.0,0.0,0.0,0.0,0.0,0.0,0.0,0.0,0.0,0.0,0.0,0.0,0.0,0.0,0.0,0.0,0.0,0.0,0.0,0.0,0.0,0.0,0.0,0.0,0.0,0.0,1164.0,,,2.0,23.0,,,,Miami Barber Institute,500403,0
0.0,0.0,0.0,0.0,0.0,0.0,0.0,0.0,0.0,0.0,0.0,0.0,0.0,0.0,0.0,0.0,0.0,0.0,0.0,0.0,0.0,0.0,0.0,0.0,0.0,0.0,0.0,0.0,0.0,0.0,0.0,0.0,0.0,0.0,0.0,0.0,0.0,14293.0,,,3.0,25.0,,,,UR Beauty & Barber Academy-At True Family Barber Academy,500537,0
,,,,,,,,,,,,,,,,,,,,,,,,,,,,,,,,,,,,,,,,,,,,0.0,Barry University Law School,13247101,0
,,,,,,,,,,,,,,,,,,,,,,,,,,,,,,,,,,,,,,,,,,,,0.0,Keiser University-Melbourne,13508101,0
,,,,,,,,,,,,,,,,,,,,,,,,,,,,,,,,,,,,,,,,,,,,1.0,Keiser University-Tallahassee,13508102,0
,,,,,,,,,,,,,,,,,,,,,,,,,,,,,,,,,,,,,,,,,,,,0.0,Keiser University-Daytona,13508103,0
,,,,,,,,,,,,,,,,,,,,,,,,,,,,,,,,,,,,,,,,,,,,0.0,Keiser University-Lakeland,13508104,0
,,,,,,,,,,,,,,,,,,,,,,,,,,,,,,,,,,,,,,,,,,,,1.0,Keiser University- Miami,13508105,0
,,,,,,,,,,,,,,,,,,,,,,,,,,,,,,,,,,,,,,,,,,,,1.0,Keiser University-Orlando,13508106,0
,,,,,,,,,,,,,,,,,,,,,,,,,,,,,,,,,,,,,,,,,,,,1.0,Keiser University-Sarasota,13508107,0
,,,,,,,,,,,,,,,,,,,,,,,,,,,,,,,,,,,,,,,,,,,,1.0,Keiser University-Jacksonville,13508108,0
,,,,,,,,,,,,,,,,,,,,,,,,,,,,,,,,,,,,,,,,,,,,1.0,Keiser University-Tampa,13508109,0
,,,,,,,,,,,,,,,,,,,,,,,,,,,,,,,,,,,,,,,,,,,,1.0,Keiser University-Pembroke Pines,13508110,0
,,,,,,,,,,,,,,,,,,,,,,,,,,,,,,,,,,,,,,,,,,,,1.0,Keiser University-Port St Lucie,13508111,0
,,,,,,,,,,,,,,,,,,,,,,,,,,,,,,,,,,,,,,,,,,,,0.0,Keiser University-West Palm Beach,13508112,0
,,,,,,,,,,,,,,,,,,,,,,,,,,,,,,,,,,,,,,,,,,,,0.0,Keiser University-Ft Myers,13508113,0
,,,,,,,,,,,,,,,,,,,,,,,,,,,,,,,,,,,,,,,,,,,,1.0,Keiser University - Clearwater,13508114,0
,,,,,,,,,,,,,,,,,,,,,,,,,,,,,,,,,,,,,,,,,,,,1.0,Keiser University - New Port Richey,13508115,0
,,,,,,,,,,,,,,,,,,,,,,,,,,,,,,,,,,,,,,,,,,,,1.0,Keiser University - Residential (Flagship),13508116,0
,,,,,,,,,,,,,,,,,,,,,,,,,,,,,,,,,,,,,,,,,,,,0.0,Maynard A. Traviss Technical College - Central Florida Aerospace Academy,13552201,0
,,,,,,,,,,,,,,,,,,,,,,,,,,,,,,,,,,,,,,,,,,,,1.0,Miami Lakes Educational Center and Technical College -,13682601,0
,,,,,,,,,,,,,,,,,,,,,,,,,,,,,,,,,,,,,,,,,,,,1.0,Rasmussen University-Central Pasco,13830901,0
,,,,,,,,,,,,,,,,,,,,,,,,,,,,,,,,,,,,,,,,,,,,1.0,Rasmussen University-Fort Myers,13830902,0
,,,,,,,,,,,,,,,,,,,,,,,,,,,,,,,,,,,,,,,,,,,,0.0,Rasmussen University-Tampa/Brandon,13830903,0
,,,,,,,,,,,,,,,,,,,,,,,,,,,,,,,,,,,,,,,,,,,,0.0,Rasmussen University-North Orlando,13830905,0
,,,,,,,,,,,,,,,,,,,,,,,,,,,,,,,,,,,,,,,,,,,,0.0,Mayo Clinic College of Medicine and Science - Florida,17395701,0
,,,,,,,,,,,,,,,,,,,,,,,,,,,,,,,,,,,,,,,,,,,,1.0,Columbia College - NAS Jacksonville,17706504,0
,,,,,,,,,,,,,,,,,,,,,,,,,,,,,,,,,,,,,,,,,,,,,South College - Orlando,22055206,0
,,,,,,,,,,,,,,,,,,,,,,,,,,,,,,,,,,,,,,,,,,,,0.0,NUC University - South Florida,24297206,0
,,,,,,,,,,,,,,,,,,,,,,,,,,,,,,,,,,,,,,,,,,,,0.0,NUC University - Florida Technical College - Lakeland,24297207,0
,,,,,,,,,,,,,,,,,,,,,,,,,,,,,,,,,,,,,,,,,,,,0.0,NUC University - Florida Technical College - Deland,24297208,0
,,,,,,,,,,,,,,,,,,,,,,,,,,,,,,,,,,,,,,,,,,,,0.0,NUC University - Florida Technical College - Kissimmee,24297209,0
,,,,,,,,,,,,,,,,,,,,,,,,,,,,,,,,,,,,,,,,,,,,0.0,NUC University - Florida Technical College - Pembroke Pines,24297210,0
,,,,,,,,,,,,,,,,,,,,,,,,,,,,,,,,,,,,,,,,,,,,0.0,NUC University - Florida Technical College - Cutler Bay,24297211,0
,,,,,,,,,,,,,,,,,,,,,,,,,,,,,,,,,,,,,,,,,,,,0.0,NUC University - Florida Technical College - Orlando,24297225,0
,,,,,,,,,,,,,,,,,,,,,,,,,,,,,,,,,,,,,,,,,,,,0.0,NUC University - Florida Technical College - Tampa,24297226,0
,,,,,,,,,,,,,,,,,,,,,,,,,,,,,,,,,,,,,,,,,,,,1.0,ECPI University - Orlando,24893416,0
,,,,,,,,,,,,,,,,,,,,,,,,,,,,,,,,,,,,,,,,,,,,0.0,Everglades University-Orlando,38561901,0
,,,,,,,,,,,,,,,,,,,,,,,,,,,,,,,,,,,,,,,,,,,,0.0,Everglades University-Sarasota,38561902,0
,,,,,,,,,,,,,,,,,,,,,,,,,,,,,,,,,,,,,,,,,,,,0.0,Everglades University - Tampa,38561903,0
,,,,,,,,,,,,,,,,,,,,,,,,,,,,,,,,,,,,,,,,,,,,0.0,Everglades University - Miami,38561904,0
,,,,,,,,,,,,,,,,,,,,,,,,,,,,,,,,,,,,,,,,,,,,0.0,Florida National University-South Campus,40884401,0
,,,,,,,,,,,,,,,,,,,,,,,,,,,,,,,,,,,,,,,,,,,,0.0,Florida National University Training Center,40884402,0
,,,,,,,,,,,,,,,,,,,,,,,,,,,,,,,,,,,,,,,,,,,,0.0,Compu-Med Vocational Careers Corp,42312001,0
,,,,,,,,,,,,,,,,,,,,,,,,,,,,,,,,,,,,,,,,,,,,1.0,Osceola Technical College - St. Cloud Campus,42799101,0
,,,,,,,,,,,,,,,,,,,,,,,,,,,,,,,,,,,,,,,,,,,,1.0,Osceola Technical College - Poinciana Campus,42799102,0
,,,,,,,,,,,,,,,,,,,,,,,,,,,,,,,,,,,,,,,,,,,,1.0,Southeastern College-Miami Lakes,42817001,0
,,,,,,,,,,,,,,,,,,,,,,,,,,,,,,,,,,,,,,,,,,,,,Paul Mitchell The School Great Lakes - Sarasota,44628801,0
,,,,,,,,,,,,,,,,,,,,,,,,,,,,,,,,,,,,,,,,,,,,,SAE Institute of Technology-Miami,44652503,0
,,,,,,,,,,,,,,,,,,,,,,,,,,,,,,,,,,,,,,,,,,,,0.0,Aviator College of Aeronautical Science & Technology - Kissimmee,44784701,0
,,,,,,,,,,,,,,,,,,,,,,,,,,,,,,,,,,,,,,,,,,,,,Dragon Rises College of Oriental Medicine - Bradenton,44948101,0
,,,,,,,,,,,,,,,,,,,,,,,,,,,,,,,,,,,,,,,,,,,,,Cambridge College of Healthcare & Technology - Miami Gardens,45486502,0
,,,,,,,,,,,,,,,,,,,,,,,,,,,,,,,,,,,,,,,,,,,,0.0,Celebrity School of Beauty - Hialeah,45491701,0
,,,,,,,,,,,,,,,,,,,,,,,,,,,,,,,,,,,,,,,,,,,,0.0,Jersey College - Tampa,45519601,0
,,,,,,,,,,,,,,,,,,,,,,,,,,,,,,,,,,,,,,,,,,,,0.0,Jersey College - Jacksonville,45519603,0
,,,,,,,,,,,,,,,,,,,,,,,,,,,,,,,,,,,,,,,,,,,,0.0,Jersey College - Fort Lauderdale,45519604,0
,,,,,,,,,,,,,,,,,,,,,,,,,,,,,,,,,,,,,,,,,,,,0.0,Jersey College - Largo,45519605,0
,,,,,,,,,,,,,,,,,,,,,,,,,,,,,,,,,,,,,,,,,,,,0.0,Jersey College - Port Charlotte,45519606,0
,,,,,,,,,,,,,,,,,,,,,,,,,,,,,,,,,,,,,,,,,,,,,Jersey College - Brooksville,45519608,0
,,,,,,,,,,,,,,,,,,,,,,,,,,,,,,,,,,,,,,,,,,,,,Jersey College - Naples,45519609,0
,,,,,,,,,,,,,,,,,,,,,,,,,,,,,,,,,,,,,,,,,,,,,Jersey College - Melbourne,45519611,0
,,,,,,,,,,,,,,,,,,,,,,,,,,,,,,,,,,,,,,,,,,,,0.0,HCI College - Fort Lauderdale Campus,49005401,0
,,,,,,,,,,,,,,,,,,,,,,,,,,,,,,,,,,,,,,,,,,,,0.0,Wilton Simpson Technical College,49178301,0
